Age,Attrition,BusinessTravel,DailyRate,Department,DistanceFromHome,Education,EducationField,EmployeeCount,EmployeeNumber,EnvironmentSatisfaction,Gender,HourlyRate,JobInvolvement,JobLevel,JobRole,JobSatisfaction,MaritalStatus,MonthlyIncome,MonthlyRate,NumCompaniesWorked,Over18,OverTime,PercentSalaryHike,PerformanceRating,RelationshipSatisfaction,StandardHours,StockOptionLevel,TotalWorkingYears,TrainingTimesLastYear,WorkLifeBalance,YearsAtCompany,YearsInCurrentRole,YearsSinceLastPromotion,YearsWithCurrManager
32,Yes,Travel_Rarely,801,Research & Development,11,2,Marketing,1,1,4,Female,44,4,1,Research Director,1,Married,5102,2283,2,Y,Yes,22,3,3,80,3,1,0,4,1,0,0,1
24,No,Non-Travel,1231,Sales,26,5,Medical,1,2,1,Male,33,1,2,Manager,2,Single,8583,10083,1,Y,Yes,20,3,4,80,2,3,5,2,1,1,0,1
40,No,Travel_Frequently,881,Research & Development,24,4,Human Resources,1,3,2,Male,63,4,1,Manager,1,Divorced,6498,21582,6,Y,No,17,3,2,80,0,6,2,4,0,0,0,0
44,No,Non-Travel,332,Research & Development,26,4,Human Resources,1,4,3,Male,44,2,2,Manager,3,Married,8419,21720,3,Y,Yes,23,3,4,80,1,4,2,3,2,1,2,0
59,Yes,Travel_Frequently,750,Sales,20,4,Technical Degree,1,5,2,Female,91,3,4,Sales Representative,2,Married,13357,5842,0,Y,Yes,13,3,2,80,0,13,6,4,6,6,0,3
29,Yes,Travel_Rarely,224,Sales,27,2,Life Sciences,1,6,1,Male,46,2,1,Sales Executive,2,Married,5569,6483,7,Y,Yes,15,3,4,80,3,4,5,4,4,1,3,3
26,No,Travel_Rarely,1423,Research & Development,4,3,Marketing,1,7,3,Male,36,3,2,Research Scientist,2,Single,9243,16169,9,Y,No,19,3,4,80,1,4,1,3,0,0,0,0
29,No,Travel_Rarely,923,Human Resources,16,2,Marketing,1,8,4,Male,64,4,4,Manager,3,Divorced,14983,19434,8,Y,No,14,3,1,80,0,11,5,4,11,11,3,3
25,No,Travel_Rarely,760,Research & Development,22,1,Marketing,1,9,3,Female,33,2,2,Healthcare Representative,2,Married,8932,6736,0,Y,No,11,4,4,80,3,7,4,2,3,1,0,2
52,No,Travel_Rarely,955,Sales,28,3,Marketing,1,10,1,Female,52,3,3,Sales Representative,4,Divorced,10288,5103,9,Y,No,12,3,2,80,1,8,0,1,4,2,0,3
56,No,Travel_Frequently,676,Sales,28,4,Human Resources,1,11,2,Male,91,1,2,Sales Representative,3,Divorced,9744,19626,5,Y,No,20,3,2,80,0,8,3,4,1,0,1,0
60,No,Travel_Frequently,1471,Sales,7,2,Human Resources,1,12,4,Male,91,1,2,Manager,2,Married,10236,21316,8,Y,No,22,3,1,80,0,9,1,4,1,1,0,0
49,No,Travel_Rarely,554,Sales,7,2,Human Resources,1,13,4,Male,45,1,1,Sales Representative,3,Married,4379,12551,9,Y,Yes,15,3,3,80,0,4,5,2,0,0,0,0
27,No,Travel_Rarely,1393,Research & Development,26,1,Marketing,1,14,4,Female,96,4,2,Laboratory Technician,1,Divorced,9012,7630,7,Y,No,20,3,3,80,0,9,4,1,3,0,3,3
19,Yes,Travel_Rarely,1021,Sales,26,3,Human Resources,1,15,2,Male,93,2,2,Sales Representative,2,Married,7348,21264,0,Y,No,13,3,4,80,0,1,0,2,1,1,1,0
49,No,Travel_Frequently,1049,Research & Development,17,4,Life Sciences,1,16,1,Female,82,4,1,Manager,2,Married,6270,3261,8,Y,No,17,3,1,80,2,3,1,4,2,0,0,1
22,Yes,Travel_Frequently,1467,Sales,10,5,Life Sciences,1,17,2,Female,46,1,2,Manager,4,Married,7993,9588,8,Y,No,23,3,4,80,0,2,3,1,2,0,1,2
56,No,Travel_Rarely,235,Sales,18,3,Human Resources,1,18,4,Male,87,2,1,Sales Executive,2,Divorced,7325,5721,4,Y,No,16,3,1,80,3,5,4,4,1,0,1,0
37,Yes,Travel_Rarely,970,Sales,21,2,Life Sciences,1,19,2,Male,70,3,4,Manager,2,Single,13149,6929,5,Y,No,25,3,1,80,0,13,4,4,4,1,1,1
46,No,Non-Travel,928,Research & Development,15,3,Human Resources,1,20,1,Male,56,2,2,Healthcare Representative,2,Single,8228,23262,0,Y,No,12,4,1,80,0,3,0,4,3,1,2,1
23,No,Travel_Frequently,219,Sales,21,4,Human Resources,1,21,1,Female,32,2,2,Manager,2,Married,6957,6457,0,Y,No,16,3,4,80,1,5,5,3,1,0,1,1
40,No,Travel_Frequently,898,Research & Development,28,2,Other,1,22,2,Female,33,2,2,Research Scientist,2,Married,8901,18615,7,Y,No,11,3,2,80,1,5,3,2,5,1,3,4
23,No,Travel_Rarely,1130,Research & Development,15,2,Marketing,1,23,1,Male,71,3,1,Laboratory Technician,3,Married,4478,5994,5,Y,No,15,3,2,80,0,4,0,4,2,2,0,0
51,No,Travel_Rarely,179,Research & Development,22,1,Life Sciences,1,24,3,Male,31,2,1,Manager,4,Married,6821,18842,9,Y,No,24,4,3,80,0,1,6,3,0,0,0,0
60,No,Travel_Rarely,212,Research & Development,23,3,Life Sciences,1,25,1,Male,63,2,1,Manager,4,Single,4872,15004,7,Y,No,18,3,1,80,1,2,1,3,2,2,1,0
43,No,Travel_Rarely,816,Sales,1,3,Life Sciences,1,26,1,Female,37,1,2,Sales Representative,2,Single,9556,17479,2,Y,Yes,23,3,4,80,0,7,1,2,2,2,2,2
37,No,Travel_Rarely,430,Research & Development,5,3,Other,1,27,2,Male,46,3,2,Manufacturing Director,3,Single,7702,21302,7,Y,No,16,3,3,80,1,0,6,4,0,0,0,0
31,Yes,Travel_Rarely,1167,Research & Development,8,3,Life Sciences,1,28,4,Female,47,4,3,Manager,2,Divorced,12315,12629,7,Y,No,17,3,4,80,0,12,2,4,1,1,1,0
40,No,Travel_Rarely,258,Research & Development,14,3,Medical,1,29,1,Male,67,4,2,Research Scientist,4,Married,10057,3214,4,Y,No,21,3,3,80,0,4,3,3,4,2,3,2
22,No,Travel_Frequently,112,Research & Development,13,2,Technical Degree,1,30,4,Female,67,4,1,Laboratory Technician,4,Married,6708,13491,7,Y,No,17,3,3,80,0,0,2,3,0,0,0,0
57,No,Travel_Rarely,915,Sales,12,4,Technical Degree,1,31,4,Male,50,4,2,Sales Executive,4,Married,8900,5511,3,Y,No,16,4,3,80,2,3,6,1,3,3,3,1
57,No,Travel_Frequently,126,Research & Development,21,2,Life Sciences,1,32,2,Female,81,3,3,Manufacturing Director,1,Married,11321,15091,4,Y,No,18,3,1,80,0,12,6,3,3,0,3,0
45,No,Non-Travel,1269,Sales,22,3,Technical Degree,1,33,2,Male,69,3,1,Sales Representative,4,Married,4754,25664,1,Y,No,11,3,2,80,1,0,1,1,0,0,0,0
47,Yes,Travel_Rarely,1179,Research & Development,10,4,Marketing,1,34,2,Male,96,2,1,Healthcare Representative,3,Single,6382,9312,0,Y,No,22,3,3,80,1,1,2,2,1,0,1,0
49,No,Travel_Rarely,572,Sales,14,3,Human Resources,1,35,3,Female,41,4,1,Sales Representative,3,Divorced,6191,20033,4,Y,No,15,3,2,80,1,0,0,2,0,0,0,0
52,No,Travel_Rarely,711,Research & Development,14,4,Marketing,1,36,3,Female,66,4,2,Healthcare Representative,4,Married,9643,18552,5,Y,No,12,3,4,80,0,10,3,1,4,2,0,4
34,No,Travel_Frequently,1488,Research & Development,21,1,Other,1,37,3,Male,94,3,1,Laboratory Technician,1,Married,5681,21344,4,Y,No,14,3,3,80,0,10,4,2,2,2,1,1
53,No,Travel_Rarely,1142,Research & Development,22,3,Other,1,38,1,Female,30,1,1,Manufacturing Director,4,Single,5109,3334,7,Y,No,20,3,1,80,0,3,2,2,1,1,0,0
47,No,Travel_Rarely,590,Sales,29,4,Life Sciences,1,39,1,Male,55,1,1,Manager,2,Single,7341,26716,9,Y,No,17,3,1,80,0,5,4,3,5,5,3,4
32,No,Non-Travel,1084,Research & Development,18,5,Human Resources,1,40,3,Female,68,4,2,Manager,2,Single,10217,26172,7,Y,No,11,3,4,80,1,10,0,3,2,2,1,1
33,No,Travel_Rarely,1484,Research & Development,27,3,Medical,1,41,3,Male,34,1,3,Research Scientist,1,Divorced,10779,12910,0,Y,No,13,4,1,80,0,14,5,2,8,8,6,3
54,No,Non-Travel,1435,Research & Development,25,3,Life Sciences,1,42,4,Male,86,4,3,Laboratory Technician,4,Single,11201,20743,8,Y,No,11,4,2,80,1,8,5,3,2,1,0,2
40,No,Non-Travel,1089,Research & Development,3,2,Medical,1,43,2,Female,58,2,3,Manager,2,Divorced,10553,19696,8,Y,No,12,3,4,80,0,8,6,1,3,0,3,1
28,No,Travel_Rarely,1387,Research & Development,16,2,Human Resources,1,44,2,Male,48,2,2,Research Director,2,Married,4423,20861,7,Y,No,22,3,1,80,0,4,0,1,1,1,1,0
42,Yes,Travel_Rarely,1171,Research & Development,11,2,Human Resources,1,45,1,Female,56,1,1,Research Director,2,Single,5149,3230,8,Y,No,11,4,4,80,0,5,3,3,3,3,1,0
52,No,Travel_Rarely,311,Sales,28,3,Medical,1,46,4,Male,79,2,4,Sales Executive,3,Single,13664,25915,3,Y,No,21,3,3,80,1,14,3,1,0,0,0,0
50,Yes,Travel_Frequently,950,Sales,2,3,Medical,1,47,2,Male,85,1,2,Manager,2,Married,9128,3082,4,Y,No,25,3,4,80,2,5,3,4,0,0,0,0
22,No,Non-Travel,488,Research & Development,3,2,Human Resources,1,48,4,Female,93,1,3,Research Scientist,1,Married,12006,8153,4,Y,Yes,18,3,4,80,3,4,3,4,4,3,4,3
47,Yes,Travel_Rarely,112,Research & Development,16,3,Other,1,49,1,Male,74,3,1,Research Scientist,4,Single,5038,11014,0,Y,No,22,3,2,80,2,6,2,2,0,0,0,0
34,No,Travel_Rarely,223,Research & Development,20,3,Technical Degree,1,50,1,Male,44,4,1,Research Scientist,2,Married,7027,5135,9,Y,Yes,17,4,4,80,0,3,2,4,1,0,1,0
23,No,Travel_Rarely,115,Sales,8,2,Technical Degree,1,51,4,Male,41,4,2,Manager,2,Married,11138,12420,8,Y,No,23,3,3,80,0,5,6,2,5,2,0,0
25,Yes,Travel_Rarely,1058,Research & Development,18,2,Other,1,52,3,Female,53,1,2,Research Director,2,Married,8389,10689,4,Y,Yes,14,3,4,80,0,4,3,4,0,0,0,0
49,No,Travel_Rarely,1041,Research & Development,4,3,Medical,1,53,2,Male,43,2,4,Laboratory Technician,3,Single,14839,24955,1,Y,No,17,3,1,80,2,10,4,3,0,0,0,0
31,No,Travel_Rarely,945,Research & Development,25,2,Marketing,1,54,1,Male,30,2,1,Manager,4,Married,5238,8370,3,Y,No,18,3,3,80,3,4,0,3,1,0,0,1
60,No,Travel_Rarely,938,Sales,24,4,Technical Degree,1,55,4,Female,62,3,1,Sales Executive,3,Married,5714,11294,2,Y,No,24,3,4,80,0,3,4,2,0,0,0,0
60,No,Non-Travel,1318,Research & Development,18,3,Marketing,1,56,3,Male,84,2,1,Manufacturing Director,4,Married,4920,7332,9,Y,Yes,21,3,2,80,0,5,1,4,0,0,0,0
29,No,Non-Travel,1227,Research & Development,21,3,Other,1,57,4,Male,33,1,1,Research Scientist,1,Divorced,3863,6208,5,Y,No,12,3,2,80,2,6,6,2,5,0,1,0
18,Yes,Travel_Rarely,1128,Research & Development,26,3,Technical Degree,1,58,3,Male,55,1,2,Manufacturing Director,3,Married,7833,8565,1,Y,Yes,16,3,4,80,0,0,1,3,0,0,0,0
51,No,Travel_Rarely,1109,Sales,14,3,Other,1,59,2,Male,81,3,1,Sales Executive,4,Single,5496,5704,2,Y,No,18,3,4,80,0,4,5,3,4,1,0,2
30,Yes,Travel_Rarely,827,Research & Development,7,3,Medical,1,60,1,Male,38,3,2,Research Scientist,3,Single,10276,21575,8,Y,No,25,3,2,80,0,6,0,3,4,4,3,4
43,No,Travel_Frequently,1285,Research & Development,25,4,Medical,1,61,2,Male,40,4,2,Research Scientist,3,Single,9229,11254,8,Y,No,24,3,1,80,3,4,2,2,0,0,0,0
20,Yes,Travel_Frequently,250,Research & Development,14,1,Technical Degree,1,62,3,Male,37,2,1,Laboratory Technician,4,Married,4479,25875,7,Y,No,12,3,3,80,1,1,4,2,1,0,1,0
23,Yes,Travel_Rarely,1081,Research & Development,20,5,Other,1,63,4,Male,32,4,1,Manager,2,Married,4611,3773,6,Y,No,22,4,3,80,0,5,4,2,2,2,1,1
18,Yes,Travel_Rarely,1321,Research & Development,21,1,Life Sciences,1,64,4,Female,84,2,1,Healthcare Representative,4,Married,4515,26931,2,Y,No,16,3,3,80,1,0,3,4,0,0,0,0
29,Yes,Travel_Frequently,923,Research & Development,14,3,Medical,1,65,2,Female,62,4,1,Laboratory Technician,3,Single,4374,22737,0,Y,No,24,3,4,80,1,2,4,3,2,1,2,0
58,No,Travel_Rarely,764,Research & Development,25,3,Technical Degree,1,66,3,Female,60,1,1,Manufacturing Director,4,Married,6589,9248,4,Y,No,13,3,2,80,1,3,1,4,3,0,0,2
48,No,Travel_Rarely,1188,Research & Development,28,2,Life Sciences,1,67,2,Female,92,3,1,Laboratory Technician,2,Divorced,5992,7787,2,Y,No,17,3,3,80,0,3,5,3,1,1,1,0
39,Yes,Travel_Rarely,496,Sales,15,3,Other,1,68,1,Female,92,3,2,Sales Executive,2,Single,9722,24514,3,Y,No,17,3,1,80,1,5,3,2,0,0,0,0
35,No,Travel_Rarely,903,Research & Development,10,3,Human Resources,1,69,1,Male,37,1,1,Healthcare Representative,1,Married,5073,25347,7,Y,Yes,11,3,3,80,2,8,6,4,0,0,0,0
22,No,Travel_Rarely,451,Research & Development,23,1,Life Sciences,1,70,3,Female,37,1,1,Manufacturing Director,1,Married,4183,7533,9,Y,No,16,3,3,80,0,0,3,3,0,0,0,0
26,No,Travel_Rarely,624,Research & Development,9,3,Other,1,71,1,Male,39,2,5,Research Scientist,1,Single,16227,15164,0,Y,No,18,3,2,80,0,8,0,3,3,2,3,2
42,No,Non-Travel,764,Research & Development,14,3,Marketing,1,72,1,Male,51,1,1,Manager,4,Single,5380,22808,8,Y,No,16,3,4,80,0,5,1,3,0,0,0,0
32,No,Travel_Rarely,616,Sales,13,2,Technical Degree,1,73,2,Male,94,1,2,Sales Executive,3,Divorced,8795,8113,7,Y,No,13,3,4,80,2,4,1,1,0,0,0,0
38,No,Travel_Rarely,1226,Sales,9,3,Human Resources,1,74,4,Female,87,2,1,Sales Representative,4,Married,4858,4273,3,Y,No,14,3,2,80,2,5,2,2,1,0,0,1
38,No,Travel_Rarely,1313,Sales,25,2,Technical Degree,1,75,1,Male,89,1,2,Sales Representative,4,Single,7954,13248,0,Y,Yes,25,4,2,80,0,7,4,3,0,0,0,0
55,No,Travel_Rarely,500,Research & Development,23,3,Other,1,76,1,Male,99,1,1,Laboratory Technician,3,Divorced,6541,20603,6,Y,No,19,3,2,80,1,5,0,2,0,0,0,0
20,No,Travel_Frequently,742,Research & Development,27,2,Life Sciences,1,77,1,Male,53,1,2,Laboratory Technician,3,Single,9216,5478,3,Y,No,16,3,1,80,0,2,3,3,0,0,0,0
48,No,Travel_Rarely,351,Sales,22,2,Medical,1,78,4,Female,86,3,1,Sales Executive,3,Married,6896,17986,3,Y,No,12,4,1,80,1,1,5,3,0,0,0,0
49,No,Travel_Rarely,526,Research & Development,26,4,Medical,1,79,4,Female,62,4,5,Laboratory Technician,4,Divorced,17953,9439,4,Y,Yes,14,3,3,80,0,13,6,2,2,2,1,1
34,No,Travel_Rarely,672,Research & Development,17,3,Other,1,80,1,Female,39,2,2,Research Scientist,2,Single,9123,19088,2,Y,No,25,3,1,80,0,9,6,2,4,2,0,2
21,No,Travel_Rarely,1303,Research & Development,20,4,Other,1,81,4,Female,72,3,5,Laboratory Technician,2,Married,16926,8946,2,Y,No,21,3,4,80,0,3,3,1,2,0,1,2
54,No,Travel_Rarely,789,Research & Development,10,4,Medical,1,82,4,Female,33,2,2,Healthcare Representative,4,Divorced,9546,9227,5,Y,Yes,24,3,2,80,2,6,0,4,3,0,1,2
33,No,Travel_Rarely,366,Research & Development,4,4,Medical,1,83,4,Female,79,2,1,Manager,2,Married,5075,2739,2,Y,Yes,22,3,4,80,3,4,1,3,0,0,0,0
26,No,Travel_Frequently,963,Research & Development,16,3,Medical,1,84,1,Male,44,4,1,Healthcare Representative,4,Married,5329,11216,0,Y,No,14,3,1,80,1,0,1,2,0,0,0,0
56,No,Non-Travel,1240,Research & Development,4,1,Marketing,1,85,2,Male,35,3,1,Healthcare Representative,1,Married,5196,9512,6,Y,No,21,3,3,80,0,7,5,2,1,1,0,1
25,No,Travel_Frequently,888,Research & Development,25,3,Life Sciences,1,86,4,Male,76,2,1,Healthcare Representative,4,Married,6449,25633,7,Y,No,16,4,1,80,1,6,0,2,3,2,2,2
42,No,Travel_Rarely,762,Sales,4,4,Life Sciences,1,87,3,Female,98,4,1,Sales Executive,4,Single,6470,15709,3,Y,No,15,4,3,80,1,10,4,4,2,0,2,1
26,No,Travel_Frequently,449,Sales,23,3,Human Resources,1,88,3,Female,57,4,3,Sales Executive,4,Divorced,12462,2865,5,Y,No,22,3,1,80,3,8,3,2,3,2,2,0
44,No,Travel_Rarely,1427,Human Resources,18,1,Life Sciences,1,89,1,Female,91,4,1,Manager,1,Married,5535,19637,3,Y,Yes,22,3,1,80,0,0,4,2,0,0,0,0
59,Yes,Travel_Rarely,557,Research & Development,17,1,Life Sciences,1,90,4,Male,90,3,3,Manager,1,Divorced,13681,24610,0,Y,No,23,3,2,80,3,10,1,3,1,0,0,0
44,No,Travel_Frequently,206,Research & Development,18,1,Technical Degree,1,91,2,Male,95,4,2,Research Scientist,2,Married,8832,3936,9,Y,No,24,3,2,80,0,4,0,2,2,0,2,1
20,No,Non-Travel,378,Research & Development,8,1,Other,1,92,2,Female,83,1,2,Healthcare Representative,1,Single,8376,19608,1,Y,No,14,3,3,80,0,2,0,2,0,0,0,0
47,Yes,Travel_Frequently,1273,Research & Development,23,4,Life Sciences,1,93,4,Male,48,4,2,Laboratory Technician,3,Divorced,9839,18122,9,Y,No,22,3,2,80,1,10,2,4,2,0,2,1
28,No,Travel_Rarely,1359,Research & Development,24,3,Technical Degree,1,94,4,Male,80,1,1,Manufacturing Director,2,Married,5231,20787,4,Y,No,24,3,2,80,2,3,4,3,1,0,0,0
54,Yes,Non-Travel,863,Research & Development,13,3,Human Resources,1,95,3,Male,75,2,5,Healthcare Representative,3,Married,19999,18860,4,Y,Yes,22,3,3,80,1,12,2,4,7,2,6,5
41,No,Travel_Frequently,368,Sales,17,2,Human Resources,1,96,3,Female,83,2,3,Manager,4,Single,13462,3802,5,Y,Yes,15,3,2,80,1,9,3,4,4,4,0,2
29,No,Travel_Rarely,873,Sales,6,1,Technical Degree,1,97,3,Female,36,2,1,Sales Executive,3,Divorced,5085,2458,2,Y,No,25,3,1,80,0,7,4,4,3,3,3,1
50,Yes,Travel_Frequently,797,Research & Development,15,3,Human Resources,1,98,2,Female,59,3,2,Research Scientist,1,Single,9948,22630,2,Y,No,13,3,2,80,1,9,0,3,1,0,1,0
24,No,Travel_Rarely,1011,Sales,8,1,Human Resources,1,99,4,Male,89,4,4,Sales Representative,1,Married,13456,14042,1,Y,No,23,3,1,80,0,6,5,4,1,1,0,0
51,No,Travel_Rarely,1178,Sales,24,1,Human Resources,1,100,3,Female,48,4,3,Sales Executive,3,Married,11214,25958,8,Y,No,16,3,3,80,2,12,6,2,2,0,1,2
27,No,Travel_Rarely,1092,Research & Development,28,3,Medical,1,101,2,Female,55,1,2,Laboratory Technician,4,Married,7765,20287,5,Y,Yes,16,3,1,80,0,9,1,4,6,5,1,2
22,No,Non-Travel,733,Research & Development,19,4,Marketing,1,102,1,Female,84,2,4,Manager,3,Single,14065,8412,6,Y,No,15,3,1,80,2,4,4,4,4,0,0,2
28,Yes,Travel_Rarely,311,Human Resources,19,1,Marketing,1,103,4,Female,42,2,5,Manager,1,Married,13600,15505,1,Y,No,19,3,1,80,2,10,5,1,1,0,0,1
53,Yes,Travel_Rarely,154,Research & Development,18,2,Technical Degree,1,104,3,Female,75,2,2,Research Scientist,4,Married,11560,22226,5,Y,Yes,18,3,2,80,0,4,3,4,4,4,3,2
42,Yes,Non-Travel,846,Research & Development,11,2,Human Resources,1,105,1,Female,63,2,3,Manufacturing Director,4,Married,9364,17587,6,Y,Yes,15,3,1,80,1,9,1,4,7,4,0,3
29,No,Travel_Rarely,1343,Sales,9,5,Marketing,1,106,4,Male,33,4,1,Sales Executive,3,Single,5233,16007,7,Y,No,19,3,3,80,1,2,3,1,2,1,1,0
39,No,Travel_Rarely,660,Research & Development,25,2,Medical,1,107,2,Male,60,1,3,Healthcare Representative,3,Single,9842,16918,1,Y,No,20,3,1,80,2,15,3,3,1,1,0,0
50,Yes,Travel_Rarely,432,Research & Development,14,3,Human Resources,1,108,1,Female,79,2,2,Manufacturing Director,2,Married,5945,11832,5,Y,Yes,19,3,4,80,1,11,3,2,2,0,0,2
43,No,Travel_Rarely,596,Human Resources,22,4,Other,1,109,2,Male,94,2,3,Manager,2,Single,13033,26072,6,Y,No,11,3,3,80,3,7,1,4,7,3,6,6
26,Yes,Travel_Rarely,768,Research & Development,21,3,Marketing,1,110,4,Female,63,4,2,Manager,2,Divorced,8415,4270,8,Y,Yes,23,4,3,80,0,4,3,4,4,0,1,1
52,No,Travel_Rarely,1381,Sales,20,3,Human Resources,1,111,1,Male,40,1,3,Sales Representative,4,Married,11984,4965,2,Y,Yes,15,3,3,80,0,12,2,3,0,0,0,0
24,No,Travel_Frequently,1408,Sales,15,4,Technical Degree,1,112,2,Female,69,1,1,Manager,4,Married,5283,16364,3,Y,No,12,3,1,80,1,3,1,1,1,1,0,0
40,Yes,Non-Travel,852,Research & Development,9,3,Human Resources,1,113,1,Male,70,1,1,Laboratory Technician,1,Single,4495,24506,6,Y,Yes,20,3,2,80,2,0,4,4,0,0,0,0
31,No,Non-Travel,1018,Research & Development,21,3,Other,1,114,2,Male,94,4,2,Manufacturing Director,1,Married,8759,7404,8,Y,Yes,13,3,4,80,3,1,6,1,1,0,1,1
23,No,Travel_Frequently,1253,Research & Development,2,4,Life Sciences,1,115,3,Female,97,1,1,Manufacturing Director,1,Married,7069,8127,0,Y,No,13,3,3,80,2,5,5,1,2,1,0,2
51,No,Travel_Frequently,553,Research & Development,1,4,Life Sciences,1,116,1,Male,73,3,2,Manager,4,Single,8314,21571,2,Y,No,19,3,1,80,0,7,5,1,2,0,2,0
33,No,Travel_Rarely,827,Research & Development,17,2,Life Sciences,1,117,4,Female,98,1,2,Manufacturing Director,2,Married,8465,26536,1,Y,No,24,3,3,80,0,9,0,3,1,0,0,0
24,Yes,Travel_Rarely,1329,Research & Development,29,4,Technical Degree,1,118,4,Female,32,3,1,Manager,2,Single,6285,15159,1,Y,Yes,19,4,3,80,0,3,3,2,3,2,0,2
39,No,Travel_Rarely,201,Research & Development,27,4,Technical Degree,1,119,1,Male,88,4,1,Manager,2,Married,8254,21033,1,Y,No,23,3,4,80,3,5,1,4,3,1,2,2
32,Yes,Travel_Rarely,1291,Research & Development,2,4,Technical Degree,1,120,2,Male,46,1,2,Research Director,1,Divorced,8683,7031,1,Y,No,21,3,2,80,0,9,3,4,5,3,4,1
45,Yes,Travel_Rarely,400,Research & Development,24,3,Marketing,1,121,4,Female,77,3,2,Research Scientist,1,Divorced,9304,23375,7,Y,No,21,3,1,80,0,3,5,1,3,0,1,0
33,Yes,Travel_Frequently,1494,Research & Development,4,4,Marketing,1,122,3,Male,89,1,2,Manufacturing Director,3,Divorced,9642,13129,0,Y,No,16,3,1,80,1,9,2,4,1,1,1,1
60,No,Travel_Rarely,1128,Research & Development,5,3,Marketing,1,123,3,Female,67,2,3,Research Director,4,Divorced,9850,10406,0,Y,No,16,3,2,80,0,11,4,2,2,0,0,0
45,No,Travel_Frequently,723,Sales,4,3,Marketing,1,124,1,Female,78,4,2,Sales Representative,1,Divorced,6026,17815,9,Y,No,17,3,4,80,2,8,4,4,6,2,6,6
52,Yes,Travel_Frequently,586,Research & Development,23,4,Technical Degree,1,125,4,Male,35,2,1,Manager,3,Married,3014,17049,1,Y,No,24,3,2,80,1,0,5,1,0,0,0,0
49,No,Travel_Rarely,120,Sales,2,1,Technical Degree,1,126,1,Female,96,4,1,Manager,2,Single,4146,16759,7,Y,Yes,25,3,2,80,0,1,1,3,1,1,0,0
18,No,Travel_Rarely,1332,Research & Development,29,3,Human Resources,1,127,3,Female,58,4,1,Research Director,4,Married,6698,5794,9,Y,No,22,3,4,80,0,0,3,2,0,0,0,0
46,No,Travel_Rarely,817,Research & Development,7,3,Life Sciences,1,128,2,Female,86,3,4,Research Scientist,1,Divorced,13239,8085,3,Y,No,25,4,4,80,1,13,0,3,9,2,0,8
30,No,Non-Travel,662,Sales,3,3,Human Resources,1,129,3,Female,38,2,1,Sales Representative,3,Married,5074,16777,1,Y,No,23,3,4,80,1,0,0,2,0,0,0,0
54,Yes,Travel_Rarely,1039,Research & Development,5,4,Marketing,1,130,3,Male,71,4,2,Research Scientist,4,Married,7221,5610,5,Y,Yes,18,3,4,80,0,2,4,1,2,1,2,2
47,No,Travel_Rarely,1024,Sales,18,1,Medical,1,131,4,Female,36,2,3,Sales Representative,3,Married,12511,10051,9,Y,Yes,17,3,1,80,1,7,3,3,4,1,1,0
41,No,Travel_Rarely,205,Research & Development,5,3,Life Sciences,1,132,3,Male,47,2,1,Manager,2,Married,5154,17717,0,Y,No,16,4,1,80,0,3,2,1,3,3,1,3
48,No,Travel_Rarely,308,Human Resources,13,3,Human Resources,1,133,1,Female,87,4,3,Human Resources,3,Married,9225,13712,2,Y,No,15,3,1,80,0,12,2,3,0,0,0,0
46,No,Travel_Frequently,389,Research & Development,16,3,Technical Degree,1,134,3,Female,40,4,1,Research Director,3,Married,4035,21439,6,Y,No,16,4,2,80,0,3,2,3,3,3,2,2
40,No,Travel_Rarely,881,Sales,1,2,Marketing,1,135,4,Female,69,4,2,Sales Executive,3,Married,10984,3235,3,Y,No,24,3,2,80,1,5,1,1,0,0,0,0
19,No,Non-Travel,256,Research & Development,8,3,Technical Degree,1,136,3,Male,82,4,1,Research Director,2,Single,6047,9476,7,Y,Yes,25,3,1,80,3,1,3,4,1,1,1,1
48,Yes,Travel_Frequently,586,Sales,28,1,Technical Degree,1,137,3,Female,32,3,3,Sales Executive,1,Married,10600,26450,8,Y,Yes,18,3,4,80,1,9,6,4,2,0,0,0
25,Yes,Travel_Frequently,1468,Research & Development,29,3,Technical Degree,1,138,1,Male,46,4,4,Manager,4,Single,15221,21614,6,Y,Yes,25,3,3,80,0,7,6,1,6,2,2,0
26,No,Travel_Rarely,149,Sales,15,5,Life Sciences,1,139,2,Male,47,3,2,Sales Representative,3,Married,8619,13245,6,Y,No,17,3,4,80,0,5,5,3,3,2,2,0
34,Yes,Travel_Frequently,1122,Research & Development,22,3,Other,1,140,4,Female,67,3,2,Research Director,4,Married,8860,8949,6,Y,Yes,18,3,2,80,0,3,5,4,0,0,0,0
20,No,Travel_Frequently,582,Sales,20,3,Human Resources,1,141,1,Female,30,1,3,Sales Representative,3,Married,10393,3004,0,Y,Yes,18,3,2,80,0,2,2,3,2,1,2,0
25,Yes,Non-Travel,729,Sales,28,3,Life Sciences,1,142,1,Male,44,4,2,Sales Representative,1,Single,7968,21239,4,Y,No,17,3,4,80,0,7,0,3,0,0,0,0
18,Yes,Travel_Rarely,525,Research & Development,1,3,Technical Degree,1,143,1,Female,52,1,4,Research Scientist,2,Married,15257,11877,5,Y,Yes,16,3,2,80,0,0,4,1,0,0,0,0
25,No,Travel_Rarely,159,Research & Development,2,1,Marketing,1,144,3,Female,42,3,2,Manager,4,Single,7193,2401,9,Y,No,11,3,1,80,0,7,3,3,7,5,2,2
52,No,Travel_Frequently,1407,Human Resources,12,1,Life Sciences,1,145,4,Male,49,4,1,Manager,4,Single,4485,13367,2,Y,No,13,4,4,80,1,4,1,2,2,0,1,1
32,No,Travel_Rarely,985,Research & Development,20,4,Medical,1,146,4,Male,67,4,1,Research Scientist,3,Divorced,7804,7978,9,Y,No,20,3,2,80,1,2,5,3,2,2,0,1
22,Yes,Travel_Rarely,650,Research & Development,18,1,Marketing,1,147,1,Male,85,3,2,Research Scientist,4,Single,10271,23016,5,Y,No,23,3,1,80,0,0,1,2,0,0,0,0
47,Yes,Travel_Frequently,862,Research & Development,29,4,Human Resources,1,148,2,Female,92,2,5,Healthcare Representative,4,Single,14710,17943,5,Y,Yes,20,3,1,80,1,14,5,2,4,2,1,3
33,No,Travel_Rarely,1083,Research & Development,6,2,Life Sciences,1,149,1,Male,87,2,1,Research Director,4,Divorced,7240,26462,6,Y,No,19,4,2,80,0,2,4,1,2,0,2,0
23,No,Travel_Rarely,482,Research & Development,13,4,Other,1,150,3,Female,46,4,3,Manager,4,Married,11491,16792,1,Y,No,11,3,3,80,0,5,4,3,4,4,0,1
54,No,Travel_Rarely,472,Research & Development,16,2,Technical Degree,1,151,2,Male,86,1,3,Manager,4,Married,9582,9213,2,Y,No,24,3,2,80,0,11,1,2,11,2,10,11
56,No,Travel_Rarely,936,Research & Development,24,4,Other,1,152,2,Female,40,2,4,Research Director,1,Divorced,14985,7000,0,Y,No,14,3,3,80,0,12,0,4,1,1,0,0
23,Yes,Travel_Rarely,382,Sales,27,3,Human Resources,1,153,2,Male,57,1,2,Sales Representative,3,Single,6476,4111,7,Y,Yes,25,3,1,80,1,5,1,4,5,2,2,5
47,No,Travel_Rarely,584,Sales,10,3,Medical,1,154,3,Male,88,3,5,Sales Representative,3,Single,16551,3975,5,Y,No,19,3,4,80,0,15,6,1,2,0,0,1
21,Yes,Travel_Rarely,501,Sales,8,4,Other,1,155,4,Female,43,1,1,Sales Executive,4,Married,4441,19447,6,Y,Yes,23,3,4,80,1,0,4,2,0,0,0,0
36,No,Travel_Rarely,793,Research & Development,20,4,Human Resources,1,156,1,Male,81,3,1,Healthcare Representative,2,Single,6263,3025,8,Y,No,17,3,3,80,0,2,5,4,2,0,2,1
37,No,Travel_Rarely,231,Research & Development,11,2,Other,1,157,1,Female,95,2,1,Research Scientist,2,Divorced,6526,4457,7,Y,No,11,3,4,80,2,6,5,4,1,0,1,0
60,No,Travel_Rarely,594,Sales,12,3,Medical,1,158,3,Male,96,1,1,Manager,1,Single,6596,18489,2,Y,Yes,20,4,3,80,1,1,1,3,0,0,0,0
47,No,Travel_Rarely,113,Research & Development,8,3,Medical,1,159,1,Male,69,4,1,Laboratory Technician,1,Single,4402,25718,9,Y,Yes,19,3,2,80,0,5,1,1,0,0,0,0
19,No,Travel_Rarely,137,Research & Development,14,2,Life Sciences,1,160,2,Male,74,3,1,Healthcare Representative,1,Married,5731,15825,5,Y,No,24,3,3,80,1,1,3,4,0,0,0,0
53,No,Travel_Rarely,596,Research & Development,5,4,Marketing,1,161,4,Female,73,4,1,Research Scientist,1,Married,4714,2703,4,Y,No,23,3,3,80,0,7,2,3,1,0,0,1
50,No,Travel_Rarely,1041,Sales,23,2,Other,1,162,4,Male,68,1,4,Manager,4,Married,15798,6172,5,Y,No,18,3,3,80,1,14,1,3,14,3,5,7
20,No,Travel_Rarely,786,Sales,20,3,Human Resources,1,163,2,Female,72,1,2,Sales Representative,4,Married,8859,10938,8,Y,No,16,3,4,80,1,2,4,4,2,2,1,2
36,No,Travel_Rarely,1043,Research & Development,13,2,Marketing,1,164,4,Male,71,4,1,Manufacturing Director,1,Married,7216,19721,0,Y,Yes,13,3,4,80,1,10,3,4,6,0,3,4
56,No,Travel_Frequently,1340,Research & Development,19,3,Marketing,1,165,1,Male,74,2,1,Manufacturing Director,1,Single,6719,11076,1,Y,No,22,3,3,80,3,6,1,1,2,2,1,1
36,No,Travel_Rarely,1110,Research & Development,16,3,Marketing,1,166,2,Male,70,4,2,Research Director,2,Single,10416,19942,6,Y,No,23,4,2,80,0,11,3,1,2,1,2,0
51,No,Travel_Rarely,1312,Sales,18,2,Other,1,167,1,Male,60,3,3,Sales Executive,1,Married,10420,22994,0,Y,No,17,3,4,80,0,10,6,4,2,0,0,0
47,No,Non-Travel,134,Research & Development,21,3,Medical,1,168,3,Male,41,1,5,Manager,3,Divorced,15820,9891,6,Y,No,19,3,2,80,0,12,6,1,2,1,2,0
32,No,Travel_Rarely,1150,Sales,18,2,Marketing,1,169,4,Female,86,1,1,Manager,2,Single,6311,13442,6,Y,No,21,3,4,80,2,4,6,2,4,2,4,3
26,Yes,Travel_Frequently,1005,Research & Development,27,4,Human Resources,1,170,2,Male,37,3,2,Healthcare Representative,3,Divorced,8134,22564,9,Y,Yes,14,3,3,80,1,5,4,2,0,0,0,0
33,No,Travel_Rarely,1493,Sales,7,4,Life Sciences,1,171,3,Male,70,2,2,Manager,3,Divorced,8105,5030,6,Y,No,21,3,2,80,1,7,2,2,1,0,0,0
30,Yes,Travel_Rarely,530,Sales,19,2,Technical Degree,1,172,4,Male,42,4,2,Sales Representative,3,Single,8178,9970,8,Y,No,14,3,2,80,1,7,1,3,7,4,7,0
29,Yes,Travel_Rarely,800,Research & Development,7,4,Marketing,1,173,1,Male,62,2,1,Research Director,2,Single,3967,5056,3,Y,No,23,3,2,80,0,0,1,2,0,0,0,0
57,No,Travel_Rarely,1477,Research & Development,16,5,Technical Degree,1,174,3,Male,59,1,3,Manufacturing Director,4,Married,9323,24186,1,Y,Yes,17,3,3,80,0,16,0,2,1,0,1,1
35,No,Travel_Rarely,159,Sales,27,3,Technical Degree,1,175,2,Male,70,1,3,Manager,3,Divorced,12224,4275,8,Y,No,23,3,2,80,0,14,2,1,1,0,1,1
52,No,Travel_Frequently,582,Research & Development,3,3,Human Resources,1,176,2,Male,63,4,3,Manufacturing Director,1,Single,12523,20349,7,Y,No,17,3,2,80,0,11,4,1,2,2,2,1
23,Yes,Travel_Rarely,724,Research & Development,25,2,Other,1,177,4,Female,31,4,3,Research Director,2,Single,12682,5770,3,Y,No,20,3,1,80,1,5,6,4,0,0,0,0
26,No,Non-Travel,298,Sales,24,1,Technical Degree,1,178,1,Male,60,1,1,Manager,4,Single,8214,9695,3,Y,No,22,4,3,80,0,3,1,2,3,0,1,1
56,No,Travel_Rarely,971,Human Resources,22,2,Marketing,1,179,4,Female,36,1,1,Manager,4,Married,6785,17995,2,Y,No,11,3,1,80,2,3,5,3,3,1,3,0
45,No,Travel_Rarely,1291,Sales,10,4,Marketing,1,180,2,Male,90,1,4,Sales Representative,4,Married,12838,8315,2,Y,No,20,3,4,80,0,17,6,2,2,0,0,2
37,No,Travel_Frequently,791,Research & Development,8,5,Human Resources,1,181,4,Male,92,4,1,Manufacturing Director,2,Divorced,5887,7697,4,Y,No,19,4,3,80,1,3,2,3,1,0,1,1
52,Yes,Travel_Rarely,1381,Research & Development,28,3,Life Sciences,1,182,4,Female,42,3,4,Manufacturing Director,4,Married,15478,11310,1,Y,Yes,24,3,3,80,0,18,0,2,11,3,9,4
24,No,Travel_Rarely,604,Sales,22,2,Marketing,1,183,2,Female,31,1,2,Sales Representative,1,Married,5687,19074,6,Y,No,12,4,2,80,1,4,6,2,4,3,0,1
37,No,Travel_Rarely,226,Research & Development,25,3,Medical,1,184,2,Male,56,3,1,Research Director,1,Married,6461,3800,0,Y,No,22,3,2,80,0,5,3,4,5,1,4,1
33,No,Travel_Rarely,153,Research & Development,22,3,Medical,1,185,1,Male,58,1,2,Manager,1,Married,8932,21442,9,Y,No,24,3,1,80,0,6,3,3,5,1,3,5
23,No,Travel_Rarely,1283,Human Resources,17,3,Life Sciences,1,186,4,Male,47,3,2,Manager,4,Divorced,7809,22308,9,Y,No,11,3,2,80,0,2,0,3,2,1,0,0
20,No,Travel_Rarely,272,Research & Development,1,4,Human Resources,1,187,4,Female,46,1,5,Manager,1,Single,17703,14056,6,Y,Yes,17,3,4,80,1,2,3,2,0,0,0,0
21,No,Travel_Rarely,1169,Sales,29,4,Medical,1,188,1,Female,56,4,2,Sales Representative,1,Married,7649,9031,0,Y,No,25,3,4,80,0,3,2,2,0,0,0,0
19,Yes,Non-Travel,684,Research & Development,29,3,Other,1,189,2,Female,59,3,1,Research Director,3,Single,6134,15298,0,Y,No,11,3,2,80,3,1,6,3,1,0,1,0
49,No,Travel_Rarely,1245,Sales,26,3,Medical,1,190,2,Male,46,4,1,Sales Executive,3,Divorced,4468,6917,4,Y,Yes,19,4,2,80,0,6,3,2,1,0,0,0
21,Yes,Non-Travel,660,Sales,21,2,Marketing,1,191,1,Female,38,3,2,Sales Executive,2,Single,8035,13562,4,Y,No,17,3,3,80,0,3,1,1,1,1,0,1
45,No,Travel_Rarely,923,Research & Development,17,4,Marketing,1,192,4,Female,91,4,2,Laboratory Technician,1,Divorced,9207,11438,0,Y,No,19,3,2,80,0,8,1,1,3,1,2,0
23,No,Travel_Frequently,383,Research & Development,14,3,Medical,1,193,3,Female,50,2,1,Healthcare Representative,1,Single,5695,9161,3,Y,No,18,3,2,80,0,5,6,1,2,2,0,1
34,No,Travel_Rarely,1176,Sales,23,4,Marketing,1,194,4,Female,77,2,2,Manager,4,Married,10099,17472,5,Y,Yes,14,4,3,80,2,3,4,4,0,0,0,0
22,No,Travel_Rarely,465,Research & Development,9,4,Human Resources,1,195,3,Male,63,1,1,Manufacturing Director,3,Married,6556,5334,9,Y,No,20,3,1,80,0,0,5,2,0,0,0,0
29,Yes,Travel_Frequently,841,Research & Development,4,4,Life Sciences,1,196,2,Male,39,3,2,Research Scientist,1,Single,7943,11421,7,Y,No,14,3,1,80,0,3,4,2,1,0,0,0
38,Yes,Travel_Rarely,140,Research & Development,1,4,Life Sciences,1,197,2,Female,62,2,1,Manager,2,Single,5965,17896,1,Y,Yes,18,4,4,80,0,1,3,2,1,0,0,0
27,Yes,Travel_Rarely,503,Sales,23,3,Marketing,1,198,2,Male,59,4,1,Manager,1,Married,5705,18786,9,Y,No,17,3,4,80,3,1,1,4,1,0,0,1
50,No,Travel_Rarely,717,Human Resources,19,3,Human Resources,1,199,2,Female,87,3,1,Manager,3,Married,4659,11559,1,Y,Yes,21,3,4,80,3,2,4,2,0,0,0,0
19,No,Travel_Frequently,1268,Research & Development,28,3,Other,1,200,1,Male,99,3,1,Healthcare Representative,4,Married,4629,24632,9,Y,No,23,3,1,80,3,1,4,1,1,1,0,0
44,No,Non-Travel,979,Research & Development,8,3,Technical Degree,1,201,4,Female,87,1,2,Research Director,3,Single,8695,4731,9,Y,Yes,16,3,4,80,1,7,6,2,7,3,6,1
27,No,Travel_Rarely,327,Research & Development,19,3,Other,1,202,2,Male,33,2,1,Research Director,4,Single,4592,17878,1,Y,Yes,25,4,4,80,0,0,3,4,0,0,0,0
59,No,Travel_Rarely,1028,Sales,14,4,Marketing,1,203,2,Male,69,3,2,Sales Representative,2,Married,10636,4701,2,Y,No,21,3,2,80,2,4,0,2,0,0,0,0
30,No,Travel_Rarely,769,Research & Development,3,3,Technical Degree,1,204,2,Female,45,2,2,Research Scientist,1,Married,8703,18642,4,Y,No,25,4,1,80,1,4,4,2,0,0,0,0
35,Yes,Travel_Frequently,493,Research & Development,7,5,Technical Degree,1,205,1,Male,94,1,3,Research Director,4,Married,11378,25225,0,Y,No,17,3,2,80,0,9,4,4,2,0,1,2
22,Yes,Travel_Rarely,228,Sales,19,4,Marketing,1,206,4,Male,85,1,4,Sales Executive,2,Single,15740,11268,3,Y,No,14,3,2,80,0,4,3,1,4,4,1,3
35,Yes,Travel_Frequently,474,Sales,3,4,Human Resources,1,207,2,Male,95,3,3,Sales Executive,1,Divorced,10730,12608,2,Y,Yes,18,3,3,80,1,9,1,1,8,4,6,3
26,No,Travel_Rarely,115,Human Resources,5,4,Life Sciences,1,208,3,Male,98,1,2,Manager,2,Single,7188,23654,2,Y,No,22,3,2,80,0,5,2,2,2,1,0,1
18,Yes,Travel_Frequently,1152,Sales,3,3,Human Resources,1,209,2,Male,47,3,1,Sales Executive,3,Married,5830,18472,6,Y,Yes,11,3,1,80,0,0,5,1,0,0,0,0
24,No,Travel_Rarely,994,Research & Development,14,3,Life Sciences,1,210,4,Male,67,3,2,Laboratory Technician,3,Single,9656,21860,3,Y,No,25,3,4,80,0,6,6,3,0,0,0,0
59,No,Travel_Rarely,519,Research & Development,2,5,Medical,1,211,2,Male,73,2,1,Healthcare Representative,3,Single,7191,14140,5,Y,No,12,4,1,80,1,6,2,4,4,0,2,3
27,No,Travel_Rarely,425,Research & Development,24,2,Human Resources,1,212,2,Male,69,2,1,Manager,4,Single,6759,2781,5,Y,Yes,13,3,3,80,0,6,0,3,0,0,0,0
31,No,Travel_Rarely,1138,Research & Development,9,2,Life Sciences,1,213,2,Male,70,1,1,Healthcare Representative,1,Married,5601,13026,7,Y,Yes,20,3,1,80,0,6,5,4,6,6,6,5
52,No,Travel_Rarely,496,Research & Development,10,4,Medical,1,214,4,Male,99,3,2,Research Director,2,Married,9086,10154,6,Y,Yes,21,3,2,80,1,6,1,4,0,0,0,0
42,No,Travel_Rarely,1483,Research & Development,22,4,Life Sciences,1,215,2,Male,64,1,1,Healthcare Representative,3,Single,5797,9871,1,Y,No,24,3,1,80,1,6,2,3,2,2,0,0
56,No,Travel_Rarely,280,Research & Development,26,2,Marketing,1,216,4,Female,68,2,2,Healthcare Representative,3,Married,8775,17323,2,Y,No,18,3,4,80,1,8,2,3,0,0,0,0
28,Yes,Non-Travel,359,Sales,4,5,Marketing,1,217,3,Female,63,2,1,Sales Representative,3,Divorced,5649,3305,5,Y,Yes,23,3,3,80,1,6,3,3,6,4,3,0
23,Yes,Travel_Rarely,539,Research & Development,13,4,Human Resources,1,218,2,Female,56,3,1,Research Director,2,Divorced,4947,5843,9,Y,Yes,20,3,2,80,0,4,5,4,4,4,4,2
24,Yes,Non-Travel,1218,Research & Development,8,4,Technical Degree,1,219,2,Male,57,3,2,Research Scientist,2,Single,8840,8669,5,Y,No,25,3,2,80,3,6,0,2,0,0,0,0
41,No,Travel_Rarely,415,Research & Development,5,4,Human Resources,1,220,2,Female,99,2,2,Manufacturing Director,3,Married,9865,2658,1,Y,No,20,3,2,80,1,4,1,4,2,1,0,1
37,No,Travel_Rarely,117,Sales,21,3,Life Sciences,1,221,4,Female,88,2,2,Sales Executive,1,Single,7959,4094,2,Y,No,16,3,3,80,0,5,0,1,0,0,0,0
32,No,Non-Travel,377,Research & Development,18,2,Marketing,1,222,2,Male,65,1,3,Research Scientist,3,Divorced,9401,20301,0,Y,No,22,3,4,80,0,9,5,2,9,2,6,2
42,No,Travel_Rarely,923,Sales,13,3,Marketing,1,223,4,Male,46,1,4,Sales Executive,1,Married,13614,25981,2,Y,No,19,3,3,80,3,17,4,4,4,3,3,1
31,No,Travel_Rarely,914,Sales,2,2,Technical Degree,1,224,3,Female,38,3,2,Sales Representative,1,Divorced,7351,6161,3,Y,No,12,4,1,80,0,12,4,3,5,5,5,1
42,Yes,Travel_Rarely,1099,Research & Development,18,3,Medical,1,225,1,Male,97,4,2,Manager,1,Married,10554,11172,0,Y,Yes,22,3,4,80,2,2,3,3,2,0,2,2
22,No,Travel_Rarely,677,Research & Development,18,2,Other,1,226,4,Female,60,3,1,Research Director,1,Divorced,4387,18457,1,Y,Yes,12,3,1,80,2,4,1,2,4,1,0,0
60,No,Travel_Rarely,201,Sales,23,2,Other,1,227,3,Male,81,3,3,Sales Representative,1,Married,10037,7771,5,Y,No,15,3,3,80,1,5,2,2,5,1,5,0
47,No,Non-Travel,468,Research & Development,19,4,Life Sciences,1,228,1,Male,45,3,1,Healthcare Representative,3,Single,5867,6980,6,Y,No,20,3,4,80,0,2,4,4,0,0,0,0
22,Yes,Travel_Frequently,759,Research & Development,23,1,Marketing,1,229,1,Male,56,2,4,Research Director,3,Married,14283,7638,7,Y,No,22,3,2,80,0,4,5,2,1,1,1,0
31,Yes,Travel_Rarely,843,Sales,19,3,Other,1,230,3,Male,32,3,2,Sales Representative,4,Divorced,10378,12965,5,Y,Yes,17,3,4,80,1,6,2,4,2,2,2,1
26,No,Travel_Rarely,1115,Sales,1,4,Human Resources,1,231,3,Male,44,3,1,Manager,4,Married,4391,11113,9,Y,No,19,4,3,80,0,1,0,1,1,1,0,0
19,Yes,Travel_Frequently,657,Human Resources,3,3,Human Resources,1,232,2,Male,57,4,1,Manager,2,Divorced,6746,13786,0,Y,No,25,3,3,80,0,1,3,1,0,0,0,0
29,No,Non-Travel,1127,Sales,11,2,Human Resources,1,233,1,Male,50,3,5,Manager,3,Married,16185,4833,4,Y,No,23,3,4,80,1,11,5,1,2,0,2,0
19,Yes,Travel_Rarely,170,Research & Development,19,4,Life Sciences,1,234,1,Female,62,3,1,Research Scientist,1,Single,7311,8437,7,Y,No,12,3,4,80,1,1,1,4,0,0,0,0
59,Yes,Travel_Rarely,617,Sales,9,2,Technical Degree,1,235,4,Female,98,3,5,Sales Executive,2,Single,17347,22633,6,Y,Yes,13,3,4,80,0,19,4,4,1,1,1,0
32,No,Non-Travel,832,Research & Development,26,3,Life Sciences,1,236,2,Male,99,4,2,Manager,1,Divorced,7285,11280,7,Y,No,15,4,2,80,0,0,3,2,0,0,0,0
38,No,Travel_Rarely,538,Human Resources,16,3,Life Sciences,1,237,3,Male,90,3,1,Manager,4,Married,7042,17363,2,Y,No,14,3,2,80,0,0,6,2,0,0,0,0
51,Yes,Travel_Frequently,1162,Research & Development,26,3,Other,1,238,3,Male,55,3,1,Manager,4,Married,3900,26806,2,Y,Yes,18,3,4,80,1,3,5,3,3,2,1,0
45,No,Travel_Frequently,984,Sales,23,4,Technical Degree,1,239,3,Male,57,3,1,Sales Executive,4,Divorced,5559,11813,1,Y,No,21,3,4,80,2,4,4,3,4,3,0,4
31,No,Non-Travel,1385,Research & Development,3,3,Technical Degree,1,240,1,Male,38,2,1,Manager,3,Married,6844,22944,2,Y,Yes,15,3,1,80,0,6,0,4,0,0,0,0
34,Yes,Travel_Rarely,1339,Research & Development,12,3,Technical Degree,1,241,1,Female,53,2,1,Research Scientist,2,Married,4982,18798,1,Y,Yes,22,3,4,80,0,6,3,3,4,3,3,4
51,Yes,Travel_Frequently,1418,Research & Development,18,4,Marketing,1,242,2,Male,36,4,4,Research Director,2,Single,12920,5077,6,Y,No,24,3,3,80,0,16,5,4,1,1,1,0
21,No,Travel_Rarely,1240,Sales,3,3,Human Resources,1,243,4,Male,70,3,1,Sales Representative,3,Married,4583,7005,9,Y,No,19,4,4,80,0,0,0,2,0,0,0,0
57,Yes,Travel_Rarely,1383,Research & Development,15,4,Marketing,1,244,2,Male,31,4,2,Manufacturing Director,1,Married,8399,15754,0,Y,No,20,3,2,80,3,2,4,2,2,1,2,2
23,Yes,Travel_Rarely,865,Research & Development,20,4,Marketing,1,245,1,Male,91,4,2,Research Scientist,2,Divorced,8538,26596,7,Y,Yes,12,4,2,80,0,5,6,4,5,1,5,5
55,No,Travel_Rarely,1401,Research & Development,17,3,Technical Degree,1,246,1,Male,86,2,1,Research Scientist,3,Married,4495,24860,7,Y,No,20,3,1,80,3,1,2,4,0,0,0,0
42,No,Travel_Rarely,944,Research & Development,26,2,Human Resources,1,247,2,Male,85,4,3,Laboratory Technician,3,Divorced,11746,5735,6,Y,Yes,22,3,3,80,0,12,6,4,4,4,4,4
43,No,Non-Travel,1395,Research & Development,25,3,Technical Degree,1,248,4,Male,54,1,2,Manager,4,Married,6408,19834,6,Y,Yes,15,3,1,80,1,10,1,2,7,5,2,7
30,Yes,Travel_Rarely,1487,Research & Development,3,3,Other,1,249,2,Male,93,3,2,Research Director,1,Single,10168,12968,1,Y,No,14,3,4,80,0,9,2,1,2,1,2,1
55,No,Travel_Rarely,1443,Research & Development,23,3,Technical Degree,1,250,1,Male,98,1,2,Manager,3,Divorced,8771,10495,7,Y,No,19,3,4,80,1,7,3,3,2,0,0,1
27,No,Travel_Frequently,1068,Research & Development,23,3,Human Resources,1,251,1,Female,91,3,1,Manufacturing Director,2,Married,5903,8260,7,Y,No,17,3,2,80,1,2,2,1,2,0,1,2
47,No,Travel_Frequently,1338,Sales,27,1,Technical Degree,1,252,3,Female,69,3,2,Sales Representative,2,Single,9179,12096,2,Y,No,12,3,1,80,1,10,2,1,10,5,1,5
25,Yes,Travel_Frequently,112,Human Resources,12,2,Life Sciences,1,253,1,Male,41,3,2,Manager,2,Married,9751,26704,3,Y,No,14,3,4,80,2,6,6,2,2,2,1,2
56,No,Travel_Rarely,1202,Research & Development,13,1,Human Resources,1,254,3,Male,95,3,3,Research Director,2,Divorced,10796,22059,7,Y,No,16,3,1,80,0,17,0,3,9,7,7,0
60,Yes,Travel_Rarely,567,Sales,25,2,Life Sciences,1,255,1,Female,60,4,1,Sales Representative,1,Married,5964,15844,3,Y,Yes,15,3,2,80,0,12,5,2,1,1,1,0
39,Yes,Travel_Rarely,1327,Research & Development,23,3,Human Resources,1,256,1,Male,51,3,1,Laboratory Technician,2,Married,6352,12891,0,Y,Yes,21,3,1,80,0,4,1,3,3,3,3,2
31,No,Travel_Frequently,656,Sales,12,4,Other,1,257,4,Male,52,1,2,Sales Executive,4,Married,6549,12488,9,Y,No,19,3,1,80,0,10,0,3,0,0,0,0
58,No,Travel_Rarely,415,Sales,29,4,Other,1,258,2,Male,85,3,5,Sales Representative,2,Married,16559,7877,8,Y,No,25,3,3,80,0,16,1,2,2,2,1,2
32,No,Non-Travel,234,Research & Development,20,2,Human Resources,1,259,4,Female,40,2,2,Manager,2,Married,8264,11374,1,Y,No,18,4,1,80,1,2,4,3,2,1,0,0
41,No,Travel_Rarely,1288,Research & Development,1,4,Other,1,260,4,Male,72,4,3,Research Director,2,Divorced,13727,3658,4,Y,No,11,3,2,80,0,14,1,1,0,0,0,0
20,Yes,Travel_Rarely,1080,Research & Development,10,3,Other,1,261,4,Male,69,3,3,Manufacturing Director,2,Divorced,12117,19034,3,Y,No,19,3,1,80,1,2,1,1,1,0,1,1
56,No,Travel_Rarely,606,Research & Development,16,2,Human Resources,1,262,1,Male,53,1,2,Manufacturing Director,3,Single,7633,11813,3,Y,No,15,3,4,80,1,7,4,3,7,6,3,1
41,Yes,Travel_Rarely,1316,Sales,7,3,Life Sciences,1,263,1,Female,38,1,1,Manager,2,Single,6370,20585,0,Y,No,11,3,3,80,1,0,4,2,0,0,0,0
46,No,Travel_Rarely,1001,Sales,16,2,Technical Degree,1,264,1,Male,89,4,2,Sales Executive,4,Married,8084,24513,9,Y,Yes,17,3,1,80,3,8,5,2,3,0,1,2
56,No,Travel_Rarely,810,Research & Development,28,3,Life Sciences,1,265,3,Female,99,4,2,Laboratory Technician,3,Single,8371,9803,0,Y,No,21,3,4,80,1,2,1,1,2,1,1,0
42,Yes,Travel_Frequently,1291,Sales,22,4,Medical,1,266,2,Male,40,2,1,Sales Representative,2,Divorced,4709,8866,3,Y,No,14,3,1,80,1,8,1,2,2,2,2,0
47,No,Travel_Rarely,782,Sales,6,3,Human Resources,1,267,2,Female,52,2,4,Sales Representative,4,Single,15510,15452,8,Y,Yes,12,4,2,80,1,9,3,3,4,0,4,4
30,No,Travel_Rarely,551,Sales,6,2,Medical,1,268,4,Female,70,4,3,Sales Executive,2,Married,10638,16368,1,Y,No,14,3,3,80,1,7,0,2,7,1,2,1
57,No,Travel_Rarely,1235,Research & Development,8,2,Marketing,1,269,4,Male,81,3,1,Laboratory Technician,4,Married,6625,8885,3,Y,No,21,3,4,80,1,1,6,3,1,1,0,0
38,Yes,Travel_Rarely,818,Research & Development,12,3,Technical Degree,1,270,1,Female,87,4,2,Manufacturing Director,1,Divorced,7117,16118,0,Y,Yes,24,4,1,80,0,7,6,4,0,0,0,0
41,No,Travel_Frequently,951,Research & Development,17,1,Medical,1,271,4,Male,52,4,3,Research Scientist,3,Single,12143,12027,0,Y,No,23,3,2,80,0,4,6,4,4,2,1,4
55,No,Travel_Rarely,729,Sales,25,2,Other,1,272,4,Female,90,4,2,Sales Representative,2,Divorced,7541,24380,0,Y,No,16,3,3,80,0,10,5,1,8,0,7,3
35,No,Travel_Rarely,110,Research & Development,11,1,Marketing,1,273,1,Female,42,3,2,Research Scientist,1,Married,7704,13256,2,Y,Yes,14,3,1,80,1,5,0,3,1,0,1,1
26,No,Travel_Rarely,1136,Research & Development,1,4,Technical Degree,1,274,4,Female,93,3,1,Manufacturing Director,4,Married,4945,26358,1,Y,No,24,3,3,80,0,8,3,4,8,1,7,2
18,Yes,Travel_Frequently,173,Research & Development,23,3,Marketing,1,275,1,Male,63,2,2,Manager,2,Married,6056,19784,9,Y,No,13,4,3,80,0,0,3,2,0,0,0,0
59,Yes,Non-Travel,1476,Sales,17,4,Medical,1,276,3,Female,73,4,2,Sales Representative,3,Single,9404,17682,1,Y,No,25,3,2,80,0,14,5,4,14,7,11,6
31,No,Travel_Rarely,193,Sales,9,1,Medical,1,277,2,Female,52,4,2,Sales Executive,2,Married,8397,2540,7,Y,Yes,22,3,2,80,2,9,1,1,9,8,0,6
33,No,Travel_Rarely,611,Sales,26,4,Medical,1,278,4,Male,61,2,1,Sales Executive,2,Married,6605,23680,0,Y,No,22,3,3,80,0,7,1,3,0,0,0,0
36,Yes,Travel_Rarely,639,Sales,6,3,Medical,1,279,2,Male,74,4,2,Sales Representative,2,Married,6581,11465,7,Y,Yes,12,3,4,80,0,6,4,1,6,2,5,0
46,No,Travel_Rarely,1087,Sales,17,2,Life Sciences,1,280,2,Male,39,4,3,Sales Executive,2,Married,12257,24211,0,Y,No,19,3,3,80,0,12,6,3,1,0,0,1
48,No,Non-Travel,1171,Research & Development,8,4,Human Resources,1,281,2,Male,47,1,1,Manufacturing Director,2,Divorced,6330,12541,0,Y,No,23,3,3,80,0,3,0,4,3,1,3,2
20,No,Travel_Frequently,1199,Research & Development,16,5,Other,1,282,3,Female,88,2,1,Healthcare Representative,4,Single,6828,3691,0,Y,Yes,14,3,4,80,0,2,4,4,2,2,0,2
28,Yes,Travel_Rarely,358,Research & Development,5,4,Other,1,283,3,Male,94,2,1,Manufacturing Director,3,Married,5963,16668,0,Y,No,16,3,1,80,0,3,2,4,2,2,0,0
58,No,Travel_Rarely,945,Research & Development,12,4,Life Sciences,1,284,1,Male,89,4,2,Research Director,4,Married,8545,5057,1,Y,No,13,3,3,80,0,3,3,2,0,0,0,0
59,Yes,Travel_Rarely,113,Research & Development,22,1,Human Resources,1,285,4,Male,75,2,3,Research Director,2,Single,12065,13772,8,Y,No,21,3,1,80,0,6,4,1,6,5,4,1
33,No,Travel_Rarely,1023,Research & Development,4,3,Technical Degree,1,286,2,Male,48,3,1,Laboratory Technician,2,Single,6151,22695,0,Y,No,23,3,2,80,0,0,1,3,0,0,0,0
53,Yes,Travel_Frequently,1080,Sales,13,2,Life Sciences,1,287,3,Male,83,4,2,Sales Executive,1,Single,7813,23189,5,Y,No,12,3,1,80,1,1,1,4,0,0,0,0
31,No,Travel_Rarely,1289,Research & Development,16,3,Human Resources,1,288,2,Female,32,3,1,Research Scientist,2,Single,4476,15207,7,Y,Yes,17,3,1,80,1,5,1,2,3,1,1,0
29,No,Travel_Rarely,1148,Research & Development,29,4,Marketing,1,289,1,Male,47,4,2,Research Director,4,Single,9237,4270,2,Y,Yes,15,3,2,80,0,3,3,2,2,2,0,2
54,No,Travel_Rarely,1392,Research & Development,4,4,Medical,1,290,1,Female,58,2,3,Manufacturing Director,2,Single,11963,16412,6,Y,Yes,22,4,3,80,0,12,4,3,0,0,0,0
39,No,Travel_Rarely,665,Research & Development,6,3,Human Resources,1,291,1,Male,63,3,1,Manager,4,Divorced,5845,21961,2,Y,No,17,3,1,80,0,6,0,3,4,0,4,2
20,No,Travel_Frequently,873,Research & Development,28,4,Other,1,292,2,Female,68,4,3,Research Director,4,Divorced,12175,25133,9,Y,No,11,3,1,80,0,2,4,1,0,0,0,0
40,No,Travel_Rarely,518,Research & Development,3,4,Life Sciences,1,293,4,Male,61,2,5,Laboratory Technician,3,Married,15850,11757,4,Y,No,17,3,4,80,0,20,1,1,1,0,1,0
42,No,Travel_Rarely,105,Research & Development,6,4,Human Resources,1,294,1,Female,66,1,2,Research Scientist,4,Married,8803,22350,6,Y,No,23,4,4,80,0,4,0,2,3,1,2,2
51,Yes,Travel_Rarely,1248,Research & Development,4,4,Other,1,295,3,Male,62,1,2,Manager,4,Married,7401,15918,5,Y,Yes,19,4,3,80,0,11,1,3,3,2,1,2
36,No,Travel_Rarely,921,Human Resources,18,4,Marketing,1,296,2,Female,58,3,3,Human Resources,1,Married,11922,12477,0,Y,No,15,4,4,80,3,12,4,1,3,1,3,3
29,No,Travel_Rarely,1263,Research & Development,9,3,Technical Degree,1,297,1,Male,45,2,2,Research Director,2,Married,6637,23126,1,Y,No,17,3,4,80,0,9,5,1,0,0,0,0
53,No,Travel_Frequently,1387,Research & Development,22,1,Marketing,1,298,3,Male,48,4,1,Manager,1,Married,6191,13565,4,Y,Yes,12,3,2,80,2,1,6,3,1,1,0,0
25,No,Travel_Rarely,431,Research & Development,5,4,Human Resources,1,299,1,Male,48,3,2,Research Director,1,Married,8161,6448,3,Y,Yes,21,4,3,80,0,7,2,4,5,1,1,5
33,Yes,Non-Travel,266,Research & Development,23,4,Marketing,1,300,2,Male,52,4,2,Laboratory Technician,4,Single,8870,19528,5,Y,No,20,3,2,80,0,11,4,3,1,0,0,0
18,No,Non-Travel,1087,Sales,17,2,Marketing,1,301,3,Male,80,3,1,Manager,3,Married,6079,21325,1,Y,No,19,3,2,80,0,0,3,4,0,0,0,0
18,Yes,Travel_Frequently,600,Sales,1,4,Other,1,302,2,Male,86,2,2,Sales Representative,1,Married,8246,26972,6,Y,Yes,24,4,2,80,1,0,0,2,0,0,0,0
52,No,Travel_Frequently,361,Sales,10,4,Human Resources,1,303,2,Male,32,4,1,Sales Executive,2,Married,5780,19809,8,Y,No,13,4,4,80,2,5,6,4,0,0,0,0
50,No,Non-Travel,839,Research & Development,5,3,Technical Degree,1,304,1,Male,68,4,1,Manager,3,Single,4021,18036,9,Y,No,16,4,1,80,2,2,3,4,2,2,1,1
21,No,Travel_Rarely,408,Research & Development,21,2,Other,1,305,3,Male,83,1,2,Research Director,3,Single,9756,5309,1,Y,No,17,3,1,80,0,3,5,3,0,0,0,0
57,No,Travel_Rarely,592,Research & Development,11,3,Life Sciences,1,306,3,Male,36,2,1,Healthcare Representative,3,Single,4029,10326,7,Y,No,13,3,1,80,1,6,5,3,1,0,0,1
21,Yes,Travel_Frequently,482,Sales,3,1,Technical Degree,1,307,3,Male,38,2,2,Sales Representative,1,Married,7527,4089,4,Y,Yes,14,3,3,80,1,2,2,3,2,1,1,2
18,Yes,Travel_Frequently,1017,Research & Development,24,3,Marketing,1,308,2,Female,80,3,1,Research Director,3,Single,6749,2174,3,Y,Yes,13,3,1,80,0,0,4,3,0,0,0,0
37,No,Travel_Rarely,595,Research & Development,1,3,Other,1,309,3,Female,84,3,1,Research Scientist,3,Married,3125,19904,1,Y,No,14,3,3,80,0,2,6,1,0,0,0,0
20,Yes,Travel_Frequently,662,Research & Development,26,5,Marketing,1,310,2,Female,70,4,5,Manager,3,Divorced,17772,4503,5,Y,Yes,25,3,1,80,0,2,2,1,1,0,0,1
27,No,Travel_Rarely,1374,Research & Development,22,3,Life Sciences,1,311,1,Male,52,3,5,Healthcare Representative,4,Divorced,15345,9701,3,Y,No,14,3,1,80,0,9,6,2,5,1,2,5
31,Yes,Travel_Rarely,939,Sales,6,3,Medical,1,312,3,Male,40,2,2,Sales Executive,2,Married,9083,25087,2,Y,No,20,4,1,80,0,8,6,4,2,2,0,1
35,No,Travel_Rarely,187,Research & Development,26,1,Life Sciences,1,313,2,Male,68,3,1,Manufacturing Director,2,Divorced,5627,5489,3,Y,No,14,3,2,80,0,3,4,3,3,1,1,0
19,Yes,Travel_Rarely,393,Human Resources,11,3,Medical,1,314,2,Male,65,2,3,Human Resources,1,Married,12149,8032,0,Y,No,17,3,3,80,2,1,3,2,1,0,0,0
33,No,Travel_Rarely,959,Sales,20,3,Marketing,1,315,2,Male,79,4,1,Sales Executive,1,Married,6518,4669,5,Y,No,21,3,2,80,1,5,5,2,5,5,2,1
56,No,Travel_Rarely,354,Research & Development,21,4,Human Resources,1,316,3,Male,38,1,1,Laboratory Technician,3,Divorced,5361,14474,5,Y,No,21,3,2,80,2,5,4,4,5,2,4,0
27,No,Travel_Rarely,1422,Research & Development,15,3,Marketing,1,317,1,Male,76,3,1,Manufacturing Director,3,Divorced,6486,19723,6,Y,No,16,3,3,80,1,0,5,2,0,0,0,0
18,No,Travel_Rarely,854,Research & Development,25,2,Technical Degree,1,318,2,Female,58,4,1,Manufacturing Director,1,Divorced,5272,21965,7,Y,No,21,3,4,80,0,0,2,1,0,0,0,0
30,Yes,Travel_Rarely,610,Research & Development,2,4,Life Sciences,1,319,3,Male,83,4,4,Research Director,2,Married,14545,4916,2,Y,No,25,4,1,80,0,12,0,4,4,4,3,4
32,No,Travel_Rarely,1000,Research & Development,29,3,Life Sciences,1,320,1,Male,66,2,2,Manufacturing Director,4,Married,9247,24914,4,Y,Yes,13,3,3,80,0,10,6,4,4,0,2,1
47,Yes,Travel_Rarely,1307,Research & Development,8,4,Life Sciences,1,321,3,Male,58,4,2,Healthcare Representative,1,Married,9717,2807,8,Y,Yes,14,3,4,80,0,6,6,4,3,2,1,3
50,No,Travel_Rarely,781,Sales,18,4,Other,1,322,3,Male,83,1,2,Sales Executive,3,Single,8451,10159,1,Y,No,19,4,1,80,1,9,0,4,0,0,0,0
22,Yes,Travel_Rarely,1034,Research & Development,3,3,Marketing,1,323,3,Male,82,3,3,Manager,2,Single,10557,11645,7,Y,Yes,22,3,1,80,2,4,6,2,0,0,0,0
23,Yes,Travel_Rarely,1253,Sales,8,3,Technical Degree,1,324,4,Male,99,1,2,Sales Representative,3,Single,9341,21440,8,Y,Yes,15,3,1,80,0,5,0,2,5,5,2,4
42,No,Travel_Rarely,524,Human Resources,6,4,Technical Degree,1,325,1,Male,47,1,1,Manager,4,Single,8137,22138,7,Y,No,13,3,3,80,2,2,5,2,2,0,0,1
45,No,Travel_Rarely,844,Research & Development,24,3,Other,1,326,3,Male,58,4,2,Manager,3,Married,7128,9907,6,Y,No,15,3,1,80,0,13,3,3,2,2,1,1
21,No,Travel_Rarely,309,Research & Development,28,2,Technical Degree,1,327,4,Female,30,3,2,Research Scientist,4,Married,11304,5932,5,Y,No,21,3,1,80,0,3,3,4,3,1,2,0
53,No,Travel_Rarely,541,Sales,13,2,Human Resources,1,328,1,Male,85,1,2,Manager,4,Married,9927,5692,8,Y,Yes,20,3,3,80,2,7,4,2,4,0,3,2
57,No,Non-Travel,571,Human Resources,15,2,Marketing,1,329,4,Male,74,2,1,Human Resources,3,Divorced,4295,2170,8,Y,No,18,3,3,80,0,2,2,3,0,0,0,0
58,No,Travel_Frequently,509,Research & Development,29,2,Human Resources,1,330,2,Male,80,1,2,Research Director,3,Single,8788,6840,7,Y,No,17,3,2,80,0,10,3,4,4,3,3,0
38,No,Travel_Frequently,1310,Sales,23,3,Other,1,331,1,Female,71,2,1,Sales Executive,1,Married,7554,23004,3,Y,No,15,3,4,80,1,2,0,3,2,0,1,2
55,No,Travel_Rarely,194,Research & Development,15,3,Technical Degree,1,332,2,Female,82,4,4,Research Director,3,Married,14505,2145,8,Y,No,15,3,1,80,2,11,2,1,4,0,2,3
59,No,Travel_Rarely,662,Sales,22,4,Life Sciences,1,333,2,Male,46,3,5,Sales Executive,4,Single,15942,12396,6,Y,No,17,3,2,80,1,13,4,2,0,0,0,0
36,No,Travel_Rarely,797,Research & Development,27,3,Human Resources,1,334,3,Male,49,1,2,Manufacturing Director,1,Married,8599,13404,6,Y,No,15,3,1,80,3,6,1,1,6,3,4,0
25,No,Travel_Rarely,779,Research & Development,1,3,Human Resources,1,335,4,Female,64,4,2,Manager,3,Married,9126,12952,2,Y,No,13,4,2,80,1,7,2,1,2,1,0,2
41,No,Travel_Rarely,1234,Research & Development,24,3,Medical,1,336,1,Male,95,3,1,Manufacturing Director,4,Single,5349,3152,2,Y,Yes,16,3,3,80,0,0,3,1,0,0,0,0
27,Yes,Travel_Rarely,1045,Research & Development,28,1,Marketing,1,337,2,Male,44,3,1,Manager,2,Single,5798,3043,1,Y,No,22,3,3,80,0,0,5,4,0,0,0,0
50,No,Travel_Rarely,436,Research & Development,22,1,Medical,1,338,1,Male,69,3,2,Laboratory Technician,2,Married,9488,5903,1,Y,No,20,3,4,80,0,7,1,3,1,0,1,1
45,No,Travel_Rarely,691,Research & Development,1,4,Technical Degree,1,339,2,Female,57,4,2,Research Scientist,4,Married,9354,23727,8,Y,No,21,3,4,80,0,3,6,4,3,2,3,1
32,No,Travel_Rarely,660,Research & Development,5,2,Marketing,1,340,3,Male,50,3,1,Manager,1,Married,4950,20683,8,Y,No,14,3,2,80,1,1,4,3,1,0,0,0
38,No,Travel_Rarely,892,Research & Development,22,2,Other,1,341,4,Male,64,3,5,Research Director,4,Single,17880,22540,4,Y,No,13,3,4,80,0,15,0,2,7,2,5,4
49,No,Travel_Rarely,1324,Research & Development,1,3,Medical,1,342,2,Male,56,1,1,Laboratory Technician,1,Married,6003,17625,0,Y,No,11,3,4,80,0,0,6,3,0,0,0,0
56,No,Travel_Rarely,474,Research & Development,6,1,Other,1,343,2,Male,59,3,2,Manufacturing Director,4,Divorced,7609,18722,0,Y,No,19,3,4,80,0,3,3,4,2,2,0,1
19,No,Non-Travel,895,Sales,21,3,Life Sciences,1,344,2,Male,75,1,1,Sales Executive,1,Married,5664,6051,4,Y,No,25,3,4,80,1,1,4,2,1,0,0,0
52,Yes,Travel_Rarely,708,Research & Development,27,4,Medical,1,345,3,Female,85,3,1,Laboratory Technician,3,Single,3301,19021,6,Y,Yes,14,4,1,80,1,5,5,2,2,1,0,1
29,Yes,Travel_Frequently,1272,Research & Development,16,4,Marketing,1,346,3,Male,73,2,2,Research Director,2,Divorced,9125,10013,8,Y,Yes,25,3,3,80,1,7,0,1,2,1,2,1
40,No,Travel_Rarely,1304,Sales,4,1,Human Resources,1,347,3,Male,34,2,1,Sales Executive,2,Divorced,4567,16935,3,Y,No,11,3,4,80,0,7,6,3,0,0,0,0
55,No,Travel_Rarely,884,Sales,10,4,Medical,1,348,3,Male,94,4,2,Manager,2,Married,8635,17251,3,Y,No,11,3,1,80,1,6,3,3,5,3,0,0
60,No,Travel_Rarely,1293,Research & Development,28,3,Technical Degree,1,349,3,Female,42,3,2,Healthcare Representative,2,Married,11141,18386,1,Y,No,25,3,4,80,1,5,0,4,3,0,3,3
34,No,Travel_Rarely,1193,Research & Development,6,2,Life Sciences,1,350,4,Male,71,1,4,Manager,2,Married,14377,2824,8,Y,No,12,3,4,80,1,13,5,1,1,1,1,0
24,No,Travel_Rarely,577,Human Resources,10,4,Technical Degree,1,351,1,Male,55,4,3,Human Resources,2,Married,10842,22607,7,Y,No,20,4,4,80,1,6,1,2,1,0,0,0
35,Yes,Travel_Rarely,765,Research & Development,24,3,Human Resources,1,352,4,Female,63,4,2,Research Scientist,3,Married,8641,19769,6,Y,Yes,25,3,3,80,2,1,4,4,1,1,0,1
52,No,Travel_Rarely,221,Research & Development,28,3,Human Resources,1,353,4,Female,99,1,1,Research Director,3,Married,8077,16329,2,Y,No,17,3,2,80,0,3,1,4,1,0,1,0
18,No,Travel_Rarely,1291,Research & Development,7,4,Technical Degree,1,354,3,Male,40,4,2,Research Director,3,Married,10638,7581,9,Y,No,18,3,3,80,3,0,0,1,0,0,0,0
40,No,Travel_Rarely,1039,Research & Development,16,4,Medical,1,355,1,Female,63,2,1,Healthcare Representative,3,Single,5816,23127,3,Y,No,11,3,4,80,0,5,2,4,1,0,0,1
42,No,Non-Travel,104,Research & Development,14,3,Marketing,1,356,4,Female,66,4,3,Research Director,1,Married,10750,12039,2,Y,No,18,3,1,80,0,8,0,3,7,0,0,2
43,No,Travel_Frequently,471,Sales,9,4,Human Resources,1,357,1,Female,96,1,1,Sales Executive,1,Married,6663,9643,5,Y,No,13,4,3,80,1,8,4,4,3,1,3,0
30,No,Travel_Rarely,510,Research & Development,19,3,Marketing,1,358,2,Male,32,2,2,Research Scientist,4,Married,6744,9264,3,Y,No,22,3,3,80,1,4,1,1,2,1,1,0
37,No,Travel_Rarely,532,Research & Development,22,3,Human Resources,1,359,3,Male,59,2,4,Manager,3,Married,10654,19616,9,Y,Yes,14,3,2,80,0,12,0,4,0,0,0,0
46,Yes,Travel_Rarely,1474,Sales,11,4,Marketing,1,360,4,Male,67,1,1,Manager,1,Married,7151,18834,8,Y,Yes,20,3,1,80,1,5,5,4,5,5,3,1
53,Yes,Travel_Rarely,681,Research & Development,25,3,Other,1,361,1,Female,66,2,1,Laboratory Technician,1,Divorced,4821,4435,0,Y,Yes,19,3,2,80,1,0,4,2,0,0,0,0
25,No,Travel_Rarely,1002,Research & Development,5,4,Medical,1,362,2,Female,89,3,3,Research Scientist,3,Married,10659,5282,5,Y,No,12,4,2,80,1,7,3,2,5,2,4,2
42,No,Travel_Rarely,1024,Research & Development,25,3,Life Sciences,1,363,1,Male,68,4,1,Manufacturing Director,2,Married,5501,20224,8,Y,Yes,16,3,1,80,0,4,3,3,4,0,4,3
19,Yes,Travel_Rarely,172,Sales,15,4,Medical,1,364,4,Female,36,4,2,Sales Representative,1,Divorced,9333,9973,2,Y,Yes,23,3,2,80,0,1,4,4,0,0,0,0
48,No,Travel_Rarely,1355,Research & Development,22,1,Marketing,1,365,1,Male,83,4,2,Research Director,4,Married,9216,6046,0,Y,No,20,3,3,80,1,1,4,3,1,0,1,0
33,No,Travel_Rarely,443,Research & Development,17,2,Medical,1,366,1,Male,66,1,2,Laboratory Technician,2,Divorced,7783,18305,5,Y,Yes,16,4,4,80,1,7,5,1,1,1,1,0
40,No,Travel_Rarely,649,Sales,21,3,Medical,1,367,2,Female,94,1,1,Sales Representative,4,Single,3429,2225,3,Y,Yes,20,4,4,80,0,0,5,4,0,0,0,0
22,Yes,Travel_Rarely,1468,Research & Development,1,3,Other,1,368,3,Male,45,2,5,Healthcare Representative,4,Married,16567,23893,3,Y,Yes,25,3,4,80,0,4,4,3,1,1,1,1
22,Yes,Travel_Rarely,310,Sales,27,3,Human Resources,1,369,2,Male,90,4,2,Manager,2,Single,7555,13953,9,Y,No,23,4,4,80,0,4,5,2,0,0,0,0
30,No,Travel_Rarely,1080,Research & Development,13,1,Technical Degree,1,370,4,Female,65,4,4,Laboratory Technician,4,Divorced,15419,11789,6,Y,No,17,4,4,80,1,12,1,2,4,3,0,2
40,No,Travel_Frequently,849,Sales,3,1,Life Sciences,1,371,3,Male,62,2,1,Sales Executive,2,Married,4190,8647,9,Y,No,14,4,4,80,1,6,6,2,6,5,4,1
19,No,Travel_Rarely,887,Research & Development,10,4,Life Sciences,1,372,3,Male,59,2,1,Manufacturing Director,2,Married,4945,25282,9,Y,No,18,3,3,80,0,1,0,1,1,1,0,0
51,No,Travel_Frequently,707,Research & Development,26,1,Technical Degree,1,373,3,Male,76,4,2,Research Director,2,Married,9144,19616,8,Y,No,23,3,1,80,0,6,2,1,1,0,1,0
34,No,Travel_Rarely,476,Research & Development,11,4,Medical,1,374,1,Male,64,2,4,Manager,3,Married,15717,19870,6,Y,No,23,3,1,80,1,15,0,3,4,0,2,0
27,No,Travel_Rarely,1255,Sales,3,4,Medical,1,375,2,Female,76,1,1,Sales Representative,2,Divorced,6654,8857,6,Y,No,14,3,2,80,0,0,4,1,0,0,0,0
31,No,Travel_Rarely,518,Sales,15,2,Other,1,376,3,Female,36,2,2,Sales Executive,1,Married,9900,5538,3,Y,No,14,4,4,80,1,5,4,4,1,1,1,1
29,No,Travel_Rarely,479,Research & Development,17,2,Life Sciences,1,377,2,Male,86,4,2,Manager,4,Married,7758,3655,5,Y,Yes,22,3,4,80,0,4,2,2,4,2,3,3
54,No,Travel_Rarely,735,Research & Development,8,1,Marketing,1,378,2,Female,73,4,3,Manager,4,Married,9902,25072,3,Y,No,16,3,4,80,0,14,5,4,10,9,7,3
26,Yes,Travel_Rarely,969,Human Resources,15,5,Life Sciences,1,379,2,Male,66,3,3,Manager,3,Divorced,10543,8665,8,Y,Yes,20,3,4,80,2,8,3,4,6,3,3,6
53,No,Travel_Rarely,1096,Sales,13,1,Technical Degree,1,380,4,Female,36,4,2,Sales Executive,2,Single,7592,25879,3,Y,Yes,12,3,3,80,0,5,5,1,5,2,1,2
59,No,Travel_Rarely,1403,Sales,4,3,Medical,1,381,3,Female,42,1,2,Manager,4,Married,8830,20334,6,Y,No,19,4,2,80,0,9,2,2,0,0,0,0
59,No,Travel_Rarely,1030,Research & Development,25,4,Marketing,1,382,2,Female,35,3,1,Manager,4,Single,7087,8481,9,Y,No,24,4,3,80,0,4,5,1,3,1,0,3
30,No,Travel_Rarely,1156,Research & Development,2,2,Other,1,383,4,Male,68,3,3,Research Director,1,Single,12012,22636,6,Y,No,23,3,4,80,0,12,1,1,12,2,9,4
33,No,Travel_Rarely,565,Research & Development,13,2,Life Sciences,1,384,1,Female,67,1,2,Laboratory Technician,4,Divorced,8355,22005,2,Y,No,24,3,1,80,0,8,5,3,3,2,1,0
32,No,Travel_Frequently,1405,Sales,25,3,Human Resources,1,385,2,Male,42,3,5,Sales Executive,3,Single,16219,10597,4,Y,No,14,3,2,80,2,14,1,4,8,6,8,0
43,Yes,Travel_Frequently,1043,Research & Development,26,3,Marketing,1,386,2,Male,98,3,5,Manager,1,Married,17804,4767,9,Y,No,21,3,3,80,3,19,6,1,1,1,1,0
51,Yes,Non-Travel,130,Research & Development,24,3,Technical Degree,1,387,4,Male,99,4,3,Healthcare Representative,3,Divorced,9126,16297,0,Y,No,11,4,2,80,2,12,1,2,6,3,2,3
57,Yes,Travel_Rarely,1235,Research & Development,27,4,Marketing,1,388,3,Female,39,2,1,Research Director,3,Married,6727,15815,7,Y,No,17,4,4,80,1,8,6,1,3,1,2,1
30,Yes,Travel_Rarely,429,Research & Development,27,1,Life Sciences,1,389,4,Female,72,1,1,Research Scientist,2,Married,5418,22248,7,Y,No,23,3,3,80,0,5,2,4,5,0,1,3
30,No,Travel_Rarely,248,Human Resources,26,3,Medical,1,390,1,Male,74,4,1,Manager,2,Divorced,4067,25810,9,Y,Yes,16,3,2,80,0,4,5,2,4,3,2,4
53,No,Travel_Rarely,979,Sales,28,4,Life Sciences,1,391,3,Female,81,3,2,Manager,4,Married,7843,19598,9,Y,No,25,3,1,80,0,11,3,3,1,0,0,1
51,Yes,Travel_Rarely,565,Sales,23,3,Technical Degree,1,392,1,Male,68,3,1,Manager,3,Married,4703,13157,7,Y,Yes,12,3,2,80,0,3,0,2,3,0,3,0
58,No,Travel_Rarely,396,Research & Development,14,3,Technical Degree,1,393,4,Male,44,4,2,Laboratory Technician,3,Single,8393,12386,5,Y,No,14,3,4,80,1,9,4,3,6,3,6,2
33,No,Travel_Rarely,538,Sales,12,4,Medical,1,394,3,Male,44,2,2,Sales Representative,4,Single,7134,15071,6,Y,No,20,3,3,80,1,0,1,3,0,0,0,0
34,No,Travel_Rarely,1224,Research & Development,25,4,Technical Degree,1,395,1,Male,80,2,1,Laboratory Technician,1,Married,5487,26007,4,Y,No,14,3,1,80,1,4,6,1,4,1,1,2
38,No,Travel_Rarely,470,Research & Development,13,4,Other,1,396,2,Male,79,1,1,Research Director,3,Divorced,4548,26650,0,Y,No,22,3,4,80,1,6,4,2,6,6,4,3
52,Yes,Travel_Frequently,1094,Research & Development,25,3,Life Sciences,1,397,3,Female,53,4,2,Manufacturing Director,3,Married,7228,7513,9,Y,No,12,3,4,80,1,4,6,2,4,4,0,3
28,No,Travel_Rarely,576,Research & Development,1,3,Human Resources,1,398,3,Male,78,4,4,Manager,2,Single,14013,26391,4,Y,No,11,4,2,80,1,10,1,3,6,5,3,0
34,No,Non-Travel,372,Human Resources,23,4,Other,1,399,4,Female,40,2,2,Human Resources,2,Married,8834,11077,2,Y,No,24,3,2,80,0,9,4,2,6,3,1,1
48,No,Non-Travel,460,Research & Development,16,2,Human Resources,1,400,1,Female,94,4,2,Laboratory Technician,1,Single,9473,15821,8,Y,Yes,25,3,4,80,2,4,5,4,1,1,0,0
41,No,Travel_Rarely,981,Research & Development,6,4,Other,1,401,4,Male,97,3,3,Research Director,4,Single,11344,11502,6,Y,No,14,3,3,80,1,11,0,2,8,2,0,4
22,No,Travel_Rarely,912,Research & Development,24,3,Other,1,402,3,Female,76,3,1,Manufacturing Director,3,Married,3388,18576,1,Y,No,23,3,4,80,1,1,3,4,0,0,0,0
27,Yes,Non-Travel,325,Sales,21,2,Other,1,403,1,Male,67,4,4,Manager,1,Divorced,16717,20569,8,Y,No,18,4,3,80,0,9,1,4,5,3,3,3
40,No,Travel_Rarely,1163,Research & Development,13,4,Technical Degree,1,404,1,Male,88,4,3,Laboratory Technician,1,Single,10792,17496,6,Y,No,12,4,4,80,2,11,3,4,0,0,0,0
31,Yes,Travel_Rarely,188,Research & Development,11,2,Medical,1,405,4,Male,80,1,2,Research Scientist,3,Divorced,7452,6298,6,Y,Yes,19,4,2,80,1,5,1,4,3,3,0,0
46,No,Travel_Rarely,257,Sales,9,3,Human Resources,1,406,4,Male,48,4,4,Sales Representative,3,Single,14092,4573,3,Y,No,19,3,3,80,1,12,6,2,4,1,2,4
22,Yes,Travel_Rarely,856,Research & Development,13,4,Medical,1,407,2,Male,83,2,1,Manufacturing Director,2,Divorced,6173,20070,8,Y,Yes,17,3,3,80,1,0,4,3,0,0,0,0
33,No,Travel_Frequently,1224,Research & Development,9,2,Human Resources,1,408,3,Male,32,1,2,Research Director,3,Single,8150,7403,4,Y,No,24,3,1,80,0,8,3,1,8,0,1,7
46,No,Travel_Rarely,1497,Research & Development,23,1,Life Sciences,1,409,1,Male,48,2,3,Laboratory Technician,4,Married,11743,24427,6,Y,No,21,3,3,80,1,11,3,4,8,2,1,3
51,Yes,Travel_Rarely,656,Research & Development,6,1,Medical,1,410,2,Male,75,1,2,Manager,1,Married,6702,8321,0,Y,Yes,22,3,3,80,2,4,1,1,2,0,0,0
54,No,Non-Travel,133,Research & Development,6,4,Other,1,411,4,Male,72,1,2,Research Director,3,Single,9269,20394,5,Y,Yes,25,3,2,80,2,4,4,3,0,0,0,0
44,Yes,Travel_Frequently,1437,Research & Development,4,3,Technical Degree,1,412,4,Female,75,2,1,Manufacturing Director,4,Married,6012,20956,4,Y,Yes,15,3,2,80,0,0,3,1,0,0,0,0
44,No,Travel_Rarely,1236,Research & Development,8,3,Life Sciences,1,413,1,Female,81,2,2,Manager,4,Married,5656,9961,3,Y,No,25,3,2,80,0,1,4,4,1,0,1,0
27,No,Travel_Frequently,1406,Research & Development,24,3,Medical,1,414,2,Female,88,2,1,Laboratory Technician,1,Married,5411,13242,6,Y,Yes,18,3,2,80,2,4,5,3,2,2,1,2
35,Yes,Travel_Rarely,467,Research & Development,14,2,Marketing,1,415,4,Male,63,1,1,Research Scientist,3,Divorced,5090,24336,0,Y,Yes,18,3,2,80,1,4,2,1,0,0,0,0
42,No,Travel_Rarely,1495,Research & Development,14,2,Medical,1,416,2,Female,86,2,1,Laboratory Technician,1,Single,5511,8160,7,Y,No,21,4,4,80,0,4,4,1,4,2,0,3
37,No,Travel_Rarely,1398,Research & Development,12,3,Other,1,417,4,Male,75,4,1,Manufacturing Director,3,Married,4675,22786,4,Y,No,19,3,4,80,1,7,0,1,5,0,1,2
18,No,Travel_Rarely,571,Research & Development,5,5,Other,1,418,1,Male,71,4,1,Research Scientist,3,Divorced,7057,10791,8,Y,No,14,3,3,80,1,0,5,3,0,0,0,0
22,No,Travel_Rarely,409,Research & Development,7,3,Other,1,419,4,Female,34,1,2,Research Scientist,2,Married,9394,24504,9,Y,No,19,3,3,80,0,4,4,1,0,0,0,0
49,No,Travel_Rarely,599,Research & Development,4,3,Medical,1,420,2,Female,75,4,2,Manufacturing Director,3,Married,8049,14909,8,Y,No,25,3,3,80,2,7,4,4,2,0,0,1
57,No,Travel_Rarely,180,Research & Development,16,2,Technical Degree,1,421,3,Male,48,2,1,Laboratory Technician,3,Divorced,2974,3395,1,Y,No,18,4,1,80,0,3,0,2,1,1,1,0
35,No,Travel_Rarely,1273,Research & Development,18,3,Medical,1,422,4,Male,73,1,4,Research Scientist,3,Married,13632,24160,2,Y,No,18,3,4,80,0,8,4,3,8,3,0,3
47,No,Travel_Rarely,1058,Sales,17,3,Life Sciences,1,423,2,Female,84,2,3,Sales Executive,4,Divorced,11949,22074,7,Y,No,19,4,3,80,0,16,2,3,1,0,1,1
27,Yes,Travel_Rarely,1345,Sales,18,4,Other,1,424,3,Male,65,4,1,Sales Representative,4,Married,4892,6605,9,Y,Yes,15,3,2,80,0,0,6,1,0,0,0,0
19,No,Non-Travel,579,Research & Development,28,2,Marketing,1,425,2,Female,61,4,1,Research Scientist,4,Single,5421,15079,1,Y,No,24,3,2,80,1,0,1,1,0,0,0,0
39,No,Non-Travel,1194,Sales,14,1,Medical,1,426,3,Male,99,4,1,Sales Executive,4,Single,6238,12082,2,Y,No,21,3,4,80,2,8,3,4,4,4,0,2
32,No,Travel_Rarely,1372,Research & Development,10,4,Life Sciences,1,427,3,Male,58,3,1,Manufacturing Director,3,Divorced,6261,7725,9,Y,No,23,3,3,80,2,5,6,3,1,1,0,0
20,No,Travel_Rarely,665,Sales,7,3,Other,1,428,3,Male,92,3,2,Sales Executive,4,Married,9617,7402,7,Y,No,19,3,2,80,1,2,0,1,1,1,1,1
32,Yes,Travel_Frequently,599,Sales,18,3,Human Resources,1,429,4,Male,54,2,2,Sales Executive,3,Married,7757,26722,4,Y,Yes,17,3,2,80,0,2,0,2,1,1,0,1
19,Yes,Travel_Rarely,1106,Sales,7,3,Life Sciences,1,430,2,Male,36,3,1,Manager,1,Single,7573,20374,2,Y,No,25,4,3,80,3,0,5,3,0,0,0,0
21,Yes,Travel_Frequently,501,Research & Development,3,3,Other,1,431,3,Male,50,3,1,Manager,1,Divorced,7301,26524,2,Y,Yes,15,3,4,80,0,3,2,3,2,1,2,2
26,No,Travel_Frequently,1180,Research & Development,3,4,Marketing,1,432,2,Male,78,2,2,Manager,2,Married,9567,23702,2,Y,No,16,3,3,80,2,3,4,2,0,0,0,0
36,No,Non-Travel,445,Sales,4,2,Human Resources,1,433,1,Female,84,4,3,Manager,4,Single,10501,18297,9,Y,No,24,3,2,80,1,13,4,3,0,0,0,0
33,No,Travel_Frequently,1323,Research & Development,7,4,Human Resources,1,434,2,Female,76,4,1,Manager,2,Single,4325,12049,4,Y,No,21,4,1,80,1,6,6,4,0,0,0,0
30,Yes,Non-Travel,1314,Research & Development,27,1,Other,1,435,4,Female,79,1,5,Healthcare Representative,1,Married,17923,23975,9,Y,No,17,4,2,80,1,12,6,3,0,0,0,0
25,Yes,Travel_Rarely,1088,Research & Development,1,4,Life Sciences,1,436,3,Female,67,3,2,Research Director,1,Single,9869,10914,4,Y,No,21,3,2,80,0,7,5,1,1,1,0,0
34,Yes,Non-Travel,1138,Research & Development,25,1,Marketing,1,437,4,Female,45,2,2,Research Scientist,1,Married,7147,8692,6,Y,No,17,3,3,80,0,4,6,3,1,1,1,1
24,No,Travel_Rarely,1262,Sales,29,5,Other,1,438,4,Female,36,2,1,Manager,4,Single,7915,11374,1,Y,No,14,4,2,80,0,1,1,2,1,1,0,0
31,No,Travel_Rarely,334,Research & Development,23,4,Human Resources,1,439,4,Male,63,3,5,Manufacturing Director,4,Divorced,15813,7456,6,Y,No,21,3,3,80,1,13,5,1,3,2,0,0
18,No,Travel_Frequently,1434,Sales,26,2,Medical,1,440,4,Male,90,3,2,Manager,2,Divorced,7204,15715,4,Y,No,11,4,2,80,0,0,6,2,0,0,0,0
40,Yes,Travel_Frequently,833,Research & Development,18,3,Medical,1,441,4,Male,41,3,4,Healthcare Representative,3,Divorced,14342,12801,0,Y,Yes,24,3,2,80,2,11,3,2,0,0,0,0
19,No,Travel_Rarely,956,Sales,24,4,Life Sciences,1,442,1,Male,49,1,5,Sales Representative,4,Married,18492,22954,7,Y,No,19,3,3,80,1,1,1,4,1,1,0,1
53,No,Travel_Rarely,409,Research & Development,20,4,Life Sciences,1,443,2,Female,35,2,3,Manufacturing Director,2,Married,10667,12207,6,Y,No,18,3,1,80,1,11,2,4,3,1,1,3
37,No,Non-Travel,943,Sales,16,3,Medical,1,444,4,Female,61,1,2,Sales Executive,2,Single,8238,21636,6,Y,No,19,3,1,80,1,2,5,4,2,1,0,2
51,Yes,Travel_Rarely,978,Sales,28,3,Life Sciences,1,445,2,Male,57,1,2,Sales Representative,3,Single,9147,4755,0,Y,Yes,25,3,4,80,0,5,5,1,5,2,4,1
21,Yes,Travel_Rarely,756,Sales,26,4,Human Resources,1,446,1,Male,65,3,3,Manager,1,Married,13842,18780,5,Y,Yes,16,3,4,80,0,3,5,1,1,1,0,1
56,No,Non-Travel,528,Sales,20,3,Human Resources,1,447,2,Female,85,3,3,Sales Executive,4,Single,11224,4645,0,Y,No,11,3,4,80,0,12,5,3,6,4,2,2
49,No,Travel_Rarely,883,Research & Development,25,3,Medical,1,448,4,Male,84,2,2,Laboratory Technician,3,Married,8994,17846,4,Y,No,12,3,3,80,1,0,6,2,0,0,0,0
36,Yes,Travel_Rarely,475,Research & Development,3,2,Medical,1,449,1,Male,43,3,3,Research Scientist,4,Single,13534,15312,9,Y,No,24,4,2,80,2,10,6,3,9,1,9,5
31,No,Travel_Rarely,370,Research & Development,22,3,Human Resources,1,450,4,Male,56,1,3,Laboratory Technician,3,Divorced,10081,13430,4,Y,Yes,13,4,2,80,0,10,5,1,1,1,1,1
45,No,Non-Travel,237,Research & Development,18,1,Other,1,451,4,Male,99,3,1,Manager,3,Single,6350,5867,8,Y,No,16,3,4,80,1,7,0,4,1,0,0,1
57,No,Travel_Rarely,929,Sales,4,1,Medical,1,452,1,Male,60,2,2,Sales Representative,4,Married,9369,23401,9,Y,No,19,3,2,80,1,7,1,3,0,0,0,0
34,Yes,Travel_Rarely,459,Research & Development,25,2,Life Sciences,1,453,1,Female,73,2,1,Healthcare Representative,4,Single,6598,15430,8,Y,Yes,17,3,2,80,1,10,0,2,1,1,0,1
29,No,Travel_Rarely,391,Sales,20,2,Marketing,1,454,3,Female,46,3,2,Sales Executive,3,Divorced,8644,25801,1,Y,No,21,3,1,80,0,7,0,2,1,1,0,0
46,Yes,Travel_Frequently,1458,Sales,10,4,Technical Degree,1,455,4,Female,58,1,3,Sales Representative,2,Single,9431,10822,7,Y,Yes,23,3,2,80,1,11,3,3,2,2,2,2
55,No,Travel_Rarely,1490,Research & Development,7,1,Medical,1,456,4,Female,52,4,3,Research Scientist,3,Divorced,10388,8600,2,Y,No,18,3,3,80,1,12,2,1,6,5,6,3
32,Yes,Travel_Frequently,1233,Sales,16,5,Medical,1,457,3,Female,62,3,1,Manager,4,Married,5354,13249,8,Y,Yes,23,3,1,80,0,0,5,2,0,0,0,0
20,Yes,Travel_Rarely,403,Research & Development,4,3,Human Resources,1,458,1,Male,73,4,2,Manufacturing Director,1,Married,8814,25565,3,Y,No,18,3,3,80,1,2,0,2,2,2,2,0
55,No,Travel_Rarely,1101,Sales,8,4,Medical,1,459,3,Male,37,3,2,Sales Executive,2,Divorced,9335,16503,0,Y,No,16,3,3,80,1,9,6,2,0,0,0,0
52,No,Non-Travel,1385,Sales,26,3,Human Resources,1,460,4,Female,52,2,2,Manager,3,Divorced,7795,19786,1,Y,No,15,3,2,80,1,9,2,1,4,2,2,4
57,No,Travel_Rarely,924,Research & Development,2,4,Life Sciences,1,461,1,Male,38,2,1,Laboratory Technician,4,Single,5447,23358,4,Y,No,22,3,1,80,0,2,3,1,2,2,0,0
28,No,Travel_Rarely,369,Research & Development,19,3,Marketing,1,462,3,Male,63,4,1,Laboratory Technician,4,Divorced,7100,6443,5,Y,No,17,3,1,80,0,2,3,2,2,0,0,0
59,No,Travel_Frequently,738,Sales,3,3,Medical,1,463,1,Male,81,4,2,Sales Executive,1,Married,10181,10177,6,Y,No,19,3,4,80,0,5,5,4,5,5,1,1
39,No,Travel_Rarely,1455,Research & Development,3,4,Medical,1,464,4,Female,78,1,2,Research Director,2,Single,8042,5022,1,Y,Yes,12,4,3,80,0,9,3,2,2,2,0,0
19,No,Travel_Rarely,626,Research & Development,23,2,Human Resources,1,465,4,Male,36,4,2,Research Scientist,3,Divorced,6697,10803,7,Y,Yes,17,3,2,80,2,1,0,3,1,0,0,1
56,Yes,Travel_Rarely,951,Research & Development,15,1,Life Sciences,1,466,2,Female,45,4,1,Healthcare Representative,2,Married,6324,24236,4,Y,Yes,23,3,4,80,1,2,2,1,1,1,1,0
49,No,Travel_Rarely,656,Research & Development,12,4,Life Sciences,1,467,3,Male,32,3,1,Laboratory Technician,1,Married,6025,18726,9,Y,Yes,15,3,3,80,0,6,1,2,1,1,0,1
27,No,Travel_Rarely,728,Research & Development,26,3,Technical Degree,1,468,3,Female,68,2,1,Manager,2,Married,5546,11744,8,Y,Yes,13,3,3,80,2,2,5,2,2,1,1,2
30,Yes,Travel_Rarely,126,Research & Development,24,1,Medical,1,469,2,Female,40,1,2,Research Scientist,3,Married,9744,19191,0,Y,Yes,14,3,2,80,1,12,4,4,0,0,0,0
18,Yes,Travel_Rarely,345,Sales,1,2,Other,1,470,3,Male,35,2,3,Sales Representative,1,Married,11612,13378,0,Y,No,13,4,3,80,0,0,2,1,0,0,0,0
54,No,Travel_Frequently,421,Sales,10,3,Life Sciences,1,471,2,Male,78,1,1,Manager,4,Single,4808,5694,8,Y,No,16,3,1,80,0,4,6,3,4,1,2,0
44,Yes,Travel_Rarely,1444,Sales,18,4,Other,1,472,2,Male,77,2,1,Manager,2,Married,6349,12950,9,Y,No,21,4,1,80,0,7,1,1,2,0,0,0
25,No,Travel_Rarely,658,Research & Development,17,3,Human Resources,1,473,3,Male,37,1,3,Research Scientist,3,Divorced,10681,17109,0,Y,Yes,23,3,1,80,1,7,4,1,7,7,6,3
40,No,Travel_Rarely,168,Sales,26,2,Other,1,474,3,Female,46,3,2,Manager,3,Married,11005,20893,7,Y,Yes,22,3,1,80,0,6,0,4,0,0,0,0
42,No,Travel_Rarely,1320,Sales,14,1,Technical Degree,1,475,2,Male,94,1,1,Sales Executive,2,Married,4809,7022,6,Y,No,15,3,1,80,0,4,0,1,0,0,0,0
21,No,Non-Travel,172,Research & Development,3,3,Medical,1,476,3,Male,53,4,1,Manager,4,Divorced,7342,21112,7,Y,Yes,17,3,4,80,1,0,6,1,0,0,0,0
45,No,Travel_Frequently,917,Research & Development,14,2,Other,1,477,3,Male,59,3,5,Healthcare Representative,1,Married,14990,20028,5,Y,No,25,3,4,80,0,16,3,2,3,0,1,3
22,No,Travel_Rarely,1478,Research & Development,5,3,Other,1,478,4,Female,36,1,2,Healthcare Representative,3,Married,8425,17568,0,Y,No,25,3,4,80,1,4,6,3,4,0,0,0
41,No,Travel_Rarely,1005,Sales,27,3,Life Sciences,1,479,4,Male,49,1,2,Sales Executive,1,Married,8077,21033,3,Y,No,25,3,1,80,1,8,6,4,0,0,0,0
58,Yes,Non-Travel,662,Sales,21,4,Marketing,1,480,4,Male,30,4,3,Sales Executive,1,Married,11893,14190,3,Y,No,14,4,4,80,0,12,1,4,5,0,1,3
42,Yes,Travel_Rarely,113,Human Resources,5,3,Life Sciences,1,481,3,Female,76,2,2,Human Resources,2,Single,6722,14929,1,Y,No,11,3,3,80,0,5,1,4,0,0,0,0
35,Yes,Travel_Rarely,343,Research & Development,27,2,Human Resources,1,482,2,Male,91,2,2,Research Scientist,1,Divorced,9067,8303,9,Y,Yes,14,3,3,80,0,9,6,1,2,0,0,1
45,No,Travel_Rarely,443,Sales,4,3,Medical,1,483,3,Male,64,2,1,Sales Representative,2,Divorced,5293,3747,6,Y,No,16,3,2,80,0,1,2,4,1,0,1,1
37,No,Travel_Rarely,840,Research & Development,19,4,Life Sciences,1,484,2,Male,55,1,1,Healthcare Representative,4,Single,7501,21990,4,Y,No,12,3,3,80,1,2,5,1,0,0,0,0
37,No,Travel_Rarely,350,Research & Development,11,4,Technical Degree,1,485,3,Female,82,3,2,Manager,2,Married,8738,25620,6,Y,No,15,3,4,80,3,6,6,4,0,0,0,0
31,No,Travel_Rarely,1308,Research & Development,21,3,Other,1,486,3,Female,88,3,2,Research Scientist,2,Married,8431,19634,5,Y,Yes,16,3,4,80,0,5,5,1,4,3,1,0
46,No,Travel_Rarely,1064,Research & Development,9,4,Technical Degree,1,487,1,Male,57,3,1,Research Director,3,Married,7129,19899,3,Y,No,24,4,2,80,0,9,0,1,5,2,2,4
31,Yes,Travel_Rarely,792,Research & Development,9,2,Human Resources,1,488,3,Female,71,1,1,Manager,1,Divorced,7088,13866,9,Y,No,12,3,2,80,1,2,6,3,2,2,1,2
50,Yes,Travel_Rarely,1113,Research & Development,9,3,Medical,1,489,4,Male,50,1,3,Healthcare Representative,3,Married,11017,11717,8,Y,Yes,22,4,4,80,1,12,0,1,1,1,1,0
53,No,Travel_Rarely,871,Research & Development,5,4,Life Sciences,1,490,2,Male,97,4,1,Manufacturing Director,3,Single,7930,22453,0,Y,Yes,23,3,3,80,1,4,1,2,4,2,3,2
49,No,Travel_Rarely,130,Sales,3,4,Medical,1,491,4,Male,60,1,1,Sales Representative,3,Single,7674,20175,5,Y,No,19,3,1,80,2,1,1,1,1,1,0,1
25,No,Travel_Frequently,1059,Research & Development,6,4,Human Resources,1,492,3,Female,74,4,1,Manager,1,Single,4942,19201,7,Y,No,20,3,4,80,0,7,0,2,2,2,2,1
25,No,Travel_Frequently,305,Sales,8,4,Marketing,1,493,3,Male,54,4,1,Sales Representative,3,Single,4728,24150,4,Y,Yes,14,3,4,80,2,7,0,2,6,0,3,0
20,No,Travel_Rarely,979,Research & Development,23,2,Marketing,1,494,4,Male,71,2,2,Research Director,3,Single,9173,7563,7,Y,No,18,3,2,80,0,2,3,1,2,1,1,0
50,No,Travel_Rarely,839,Research & Development,14,4,Technical Degree,1,495,2,Male,72,4,1,Research Scientist,1,Single,4320,16702,2,Y,No,23,3,2,80,0,9,2,2,3,2,3,1
59,No,Travel_Rarely,1074,Sales,20,3,Human Resources,1,496,3,Female,80,1,2,Sales Representative,4,Married,7840,26531,0,Y,No,23,3,3,80,0,12,3,1,12,2,7,6
50,No,Travel_Rarely,1131,Research & Development,24,4,Marketing,1,497,1,Male,39,3,3,Research Scientist,2,Married,10400,24483,6,Y,No,11,3,2,80,1,11,0,2,11,2,11,4
39,Yes,Travel_Rarely,1173,Human Resources,19,3,Human Resources,1,498,2,Male,30,3,2,Manager,1,Married,8385,16308,4,Y,Yes,25,3,2,80,1,9,5,4,7,4,3,1
24,No,Travel_Rarely,128,Sales,27,2,Marketing,1,499,1,Female,86,2,5,Manager,3,Married,16432,19598,0,Y,No,20,4,4,80,3,6,6,2,5,3,4,2
29,Yes,Travel_Rarely,736,Research & Development,25,3,Other,1,500,3,Female,79,1,1,Healthcare Representative,4,Single,5982,21102,2,Y,Yes,25,3,4,80,0,2,4,2,2,1,2,1
32,No,Travel_Rarely,1346,Sales,25,4,Medical,1,501,2,Male,76,4,2,Sales Representative,4,Divorced,7697,22490,5,Y,No,15,3,2,80,2,2,5,2,2,1,1,2
36,Yes,Travel_Rarely,1140,Research & Development,23,3,Other,1,502,3,Male,80,2,2,Healthcare Representative,4,Single,7804,8546,1,Y,Yes,22,3,1,80,2,7,2,3,1,1,0,1
55,No,Travel_Rarely,578,Research & Development,10,2,Life Sciences,1,503,3,Male,43,2,5,Manager,4,Single,15905,7709,4,Y,No,23,3,4,80,1,18,0,1,14,13,14,1
20,No,Travel_Rarely,120,Research & Development,8,1,Marketing,1,504,2,Male,53,3,4,Healthcare Representative,1,Divorced,13773,6167,3,Y,No,14,3,1,80,1,2,0,2,2,0,2,2
20,Yes,Travel_Rarely,1418,Human Resources,11,3,Marketing,1,505,1,Female,60,4,1,Manager,2,Married,5467,22207,6,Y,Yes,24,3,4,80,1,2,5,4,2,2,0,0
51,No,Travel_Rarely,1396,Research & Development,9,3,Life Sciences,1,506,3,Male,67,1,2,Laboratory Technician,3,Married,9903,23767,4,Y,No,20,3,1,80,0,8,2,3,8,7,3,5
43,No,Travel_Rarely,535,Research & Development,9,2,Human Resources,1,507,2,Male,60,2,2,Manager,4,Married,8392,3420,1,Y,No,12,3,2,80,1,7,3,3,1,1,1,1
36,No,Travel_Rarely,1495,Research & Development,3,4,Other,1,508,2,Female,95,4,1,Laboratory Technician,1,Divorced,6139,19427,4,Y,Yes,25,3,1,80,1,4,1,2,0,0,0,0
52,No,Travel_Rarely,1356,Research & Development,3,1,Medical,1,509,2,Female,81,1,2,Manager,4,Divorced,9275,20159,1,Y,No,18,3,3,80,2,3,4,4,0,0,0,0
25,Yes,Travel_Rarely,854,Research & Development,23,5,Other,1,510,1,Female,97,4,5,Laboratory Technician,3,Married,16044,24793,4,Y,Yes,11,3,3,80,0,7,5,3,5,5,3,4
23,No,Travel_Rarely,1258,Sales,26,3,Marketing,1,511,1,Male,64,4,4,Sales Representative,1,Divorced,14352,14656,6,Y,No,23,3,1,80,1,5,5,1,5,4,4,1
57,No,Travel_Frequently,857,Research & Development,28,2,Marketing,1,512,2,Male,67,3,1,Research Scientist,2,Married,5944,13102,6,Y,No,20,3,3,80,2,1,3,2,1,1,0,0
31,No,Travel_Rarely,681,Sales,10,2,Technical Degree,1,513,2,Female,85,2,2,Manager,2,Married,8093,21744,9,Y,No,22,3,2,80,0,10,5,3,6,6,3,1
19,No,Travel_Rarely,1340,Research & Development,29,3,Life Sciences,1,514,4,Female,67,4,2,Laboratory Technician,2,Single,6603,13155,6,Y,No,16,4,2,80,0,1,3,3,0,0,0,0
36,Yes,Travel_Rarely,898,Sales,19,2,Marketing,1,515,3,Male,67,2,2,Sales Representative,1,Single,8920,21544,4,Y,Yes,23,4,1,80,1,7,4,4,7,7,4,1
31,No,Travel_Rarely,214,Research & Development,18,4,Medical,1,516,3,Female,90,3,1,Research Director,4,Single,6612,15517,5,Y,No,24,3,4,80,1,4,1,4,1,1,1,1
53,No,Travel_Frequently,1166,Research & Development,26,2,Life Sciences,1,517,4,Male,79,2,4,Manager,3,Married,16397,9109,5,Y,No,18,3,3,80,1,16,2,1,2,1,0,1
18,Yes,Travel_Frequently,960,Research & Development,6,3,Medical,1,518,1,Male,88,3,1,Research Scientist,2,Married,6606,14178,3,Y,No,11,3,3,80,0,0,5,1,0,0,0,0
35,No,Travel_Rarely,628,Sales,18,3,Technical Degree,1,519,2,Female,46,4,1,Manager,4,Single,6225,4847,5,Y,No,23,3,3,80,1,4,1,4,1,0,1,0
27,No,Travel_Rarely,1092,Sales,27,3,Medical,1,520,4,Male,44,2,2,Sales Representative,1,Married,9441,26697,3,Y,No,14,3,3,80,1,7,3,2,5,2,4,2
56,No,Non-Travel,1498,Research & Development,5,3,Technical Degree,1,521,1,Female,39,1,2,Research Scientist,1,Married,10878,14617,1,Y,No,20,3,3,80,1,7,1,2,1,1,0,1
32,Yes,Travel_Rarely,1050,Sales,8,4,Marketing,1,522,2,Male,73,2,2,Sales Executive,2,Married,8999,12365,6,Y,No,22,3,4,80,2,7,4,2,7,3,4,6
28,No,Travel_Rarely,1190,Research & Development,3,5,Human Resources,1,523,3,Male,54,1,1,Manager,2,Divorced,5037,5841,1,Y,No,16,3,2,80,2,3,6,3,2,2,1,1
23,No,Non-Travel,1319,Sales,19,3,Other,1,524,2,Male,85,3,1,Sales Representative,4,Divorced,5334,14628,8,Y,No,18,4,3,80,0,0,1,1,0,0,0,0
51,No,Travel_Rarely,1214,Research & Development,19,2,Technical Degree,1,525,3,Female,71,4,2,Laboratory Technician,1,Married,10061,7074,6,Y,Yes,24,3,1,80,2,10,2,1,0,0,0,0
56,Yes,Travel_Frequently,1281,Research & Development,25,1,Life Sciences,1,526,2,Male,54,3,2,Manager,2,Married,9225,15234,5,Y,No,15,3,2,80,1,0,6,4,0,0,0,0
24,No,Travel_Frequently,1079,Research & Development,23,2,Marketing,1,527,3,Male,31,3,3,Laboratory Technician,3,Divorced,11168,17774,3,Y,No,12,3,1,80,0,4,2,4,0,0,0,0
20,No,Travel_Frequently,551,Sales,6,3,Other,1,528,3,Male,64,4,4,Sales Representative,3,Divorced,13578,13526,7,Y,No,23,3,3,80,0,2,4,1,0,0,0,0
29,No,Travel_Rarely,533,Human Resources,17,2,Life Sciences,1,529,3,Female,76,4,2,Human Resources,2,Divorced,8506,14341,3,Y,Yes,14,3,1,80,1,0,1,4,0,0,0,0
22,No,Travel_Rarely,770,Sales,2,3,Technical Degree,1,530,4,Female,87,2,2,Sales Executive,4,Single,8649,11101,6,Y,Yes,21,3,3,80,1,4,0,2,1,1,1,1
59,No,Travel_Rarely,370,Sales,5,2,Human Resources,1,531,4,Male,34,2,1,Sales Representative,1,Divorced,3338,13919,6,Y,No,20,3,4,80,0,6,6,3,1,1,1,1
18,Yes,Travel_Rarely,1363,Research & Development,6,3,Marketing,1,532,2,Male,76,1,3,Research Scientist,1,Married,13660,13003,8,Y,No,11,3,3,80,0,0,2,3,0,0,0,0
44,Yes,Travel_Frequently,809,Research & Development,4,2,Other,1,533,4,Male,76,2,3,Laboratory Technician,1,Married,10741,22981,1,Y,No,21,4,2,80,1,8,6,4,8,7,6,1
24,No,Non-Travel,590,Research & Development,11,3,Technical Degree,1,534,2,Male,46,4,1,Research Scientist,2,Single,6184,12678,7,Y,No,20,3,2,80,2,0,5,2,0,0,0,0
30,No,Travel_Rarely,1366,Research & Development,18,2,Marketing,1,535,1,Male,39,4,1,Research Director,1,Divorced,4767,6412,8,Y,No,14,3,1,80,1,0,6,4,0,0,0,0
31,Yes,Travel_Frequently,751,Research & Development,9,1,Technical Degree,1,536,2,Female,80,2,1,Laboratory Technician,3,Married,6062,10522,1,Y,Yes,25,3,4,80,0,2,0,1,0,0,0,0
38,No,Travel_Rarely,876,Research & Development,28,1,Other,1,537,3,Male,98,2,2,Healthcare Representative,4,Single,9074,14439,7,Y,No,15,3,4,80,1,7,0,3,5,0,3,1
40,No,Travel_Rarely,1253,Research & Development,1,2,Technical Degree,1,538,4,Male,88,2,3,Research Director,3,Married,11757,2810,5,Y,No,18,3,3,80,1,11,5,2,1,1,0,1
18,Yes,Travel_Rarely,1479,Research & Development,12,3,Marketing,1,539,2,Female,62,3,2,Manufacturing Director,4,Single,8426,16944,6,Y,Yes,21,3,4,80,0,0,1,3,0,0,0,0
22,No,Travel_Rarely,853,Sales,19,3,Life Sciences,1,540,4,Female,51,3,1,Sales Executive,2,Married,6933,24760,1,Y,No,11,4,3,80,0,4,1,1,4,3,4,2
48,No,Travel_Rarely,375,Research & Development,7,3,Life Sciences,1,541,2,Male,42,1,1,Research Director,2,Divorced,4032,7157,1,Y,No,17,4,4,80,2,5,2,3,1,1,0,1
50,No,Travel_Frequently,1031,Research & Development,9,1,Human Resources,1,542,1,Female,92,2,2,Manufacturing Director,1,Divorced,9515,7153,1,Y,No,19,3,3,80,0,9,5,4,5,3,1,3
60,No,Travel_Rarely,1393,Research & Development,23,1,Medical,1,543,1,Female,93,3,1,Research Director,3,Single,4287,8867,9,Y,No,21,3,3,80,1,4,6,3,2,2,1,1
31,No,Travel_Frequently,674,Sales,21,4,Medical,1,544,1,Male,52,2,1,Sales Executive,3,Divorced,6004,9691,0,Y,No,24,3,3,80,1,0,1,1,0,0,0,0
36,Yes,Travel_Rarely,547,Research & Development,5,4,Technical Degree,1,545,3,Female,37,2,1,Research Scientist,2,Single,6252,5670,4,Y,Yes,18,3,1,80,1,0,6,2,0,0,0,0
32,Yes,Travel_Rarely,919,Sales,18,4,Medical,1,546,4,Male,81,3,4,Sales Executive,1,Married,13114,25121,8,Y,No,13,3,4,80,0,12,3,4,3,1,3,2
41,Yes,Travel_Frequently,999,Research & Development,29,2,Other,1,547,1,Male,42,1,1,Research Scientist,4,Divorced,6070,5405,1,Y,No,14,3,4,80,0,7,2,1,2,1,2,2
20,Yes,Travel_Rarely,588,Research & Development,4,3,Human Resources,1,548,4,Female,44,2,3,Research Director,2,Single,11328,12242,3,Y,Yes,16,3,1,80,1,2,5,1,0,0,0,0
43,No,Travel_Rarely,1183,Research & Development,3,2,Technical Degree,1,549,2,Male,33,2,2,Laboratory Technician,4,Married,11322,16183,8,Y,No,13,3,3,80,1,7,1,2,0,0,0,0
38,Yes,Travel_Rarely,1411,Research & Development,25,3,Marketing,1,550,2,Female,39,4,3,Research Scientist,1,Single,10958,5643,6,Y,No,17,3,4,80,1,12,6,4,1,0,0,1
49,No,Travel_Rarely,1491,Research & Development,11,4,Marketing,1,551,3,Male,80,1,2,Healthcare Representative,4,Single,7134,23210,8,Y,No,24,3,3,80,3,14,3,4,6,5,4,3
60,Yes,Travel_Rarely,1063,Sales,29,4,Life Sciences,1,552,4,Male,83,1,2,Manager,3,Married,10140,11548,8,Y,Yes,13,3,2,80,2,15,1,3,0,0,0,0
56,No,Travel_Frequently,812,Research & Development,8,3,Marketing,1,553,3,Female,40,2,2,Manager,4,Divorced,8521,13479,3,Y,No,11,3,4,80,0,10,2,1,9,2,9,1
30,No,Travel_Rarely,701,Research & Development,12,3,Human Resources,1,554,3,Female,42,1,1,Manufacturing Director,1,Single,7524,14964,8,Y,No,22,3,3,80,1,3,5,4,3,2,2,1
43,No,Travel_Rarely,750,Sales,17,3,Marketing,1,555,2,Male,77,1,1,Manager,2,Single,3660,15423,7,Y,No,17,3,3,80,1,0,2,3,0,0,0,0
27,Yes,Travel_Rarely,796,Sales,7,3,Technical Degree,1,556,3,Male,67,2,2,Sales Representative,2,Single,7635,7118,3,Y,Yes,16,3,4,80,1,5,5,1,0,0,0,0
36,No,Travel_Rarely,1253,Sales,15,4,Technical Degree,1,557,1,Female,65,4,3,Manager,4,Married,10635,5911,5,Y,No,25,3,1,80,0,12,6,3,0,0,0,0
49,No,Travel_Frequently,1339,Research & Development,26,3,Other,1,558,4,Female,69,2,1,Healthcare Representative,1,Married,3796,11616,3,Y,Yes,17,3,4,80,1,5,0,3,5,4,3,2
56,No,Travel_Rarely,402,Sales,12,1,Other,1,559,2,Male,51,1,2,Sales Executive,3,Single,8272,13814,8,Y,No,24,3,3,80,1,11,5,3,3,0,2,2
45,No,Travel_Rarely,271,Research & Development,22,3,Medical,1,560,3,Male,83,3,1,Research Director,4,Married,5496,15250,2,Y,No,20,3,4,80,3,0,2,3,0,0,0,0
38,No,Travel_Frequently,483,Human Resources,2,3,Technical Degree,1,561,1,Female,51,4,5,Manager,1,Single,16330,3067,8,Y,No,13,3,3,80,0,16,3,2,6,5,4,6
20,No,Non-Travel,120,Research & Development,17,2,Human Resources,1,562,2,Male,38,2,1,Laboratory Technician,4,Divorced,5212,7474,8,Y,No,20,3,3,80,1,2,6,3,1,1,1,0
48,No,Travel_Rarely,1290,Research & Development,17,4,Marketing,1,563,3,Male,40,1,1,Research Director,3,Single,5148,10329,5,Y,Yes,19,3,1,80,0,0,3,1,0,0,0,0
45,No,Travel_Rarely,585,Research & Development,1,5,Other,1,564,3,Female,75,1,2,Research Director,1,Married,9318,24040,5,Y,No,18,3,4,80,1,6,0,2,2,2,1,1
29,No,Travel_Rarely,801,Human Resources,24,3,Other,1,565,1,Male,97,1,2,Human Resources,4,Married,8373,18204,5,Y,Yes,25,3,4,80,0,10,0,4,8,6,3,1
35,No,Travel_Rarely,1018,Sales,4,3,Other,1,566,1,Male,94,4,2,Sales Representative,3,Single,8883,8330,7,Y,No,24,3,4,80,0,5,3,2,3,1,3,3
48,Yes,Travel_Rarely,264,Research & Development,23,2,Other,1,567,3,Male,89,4,2,Research Scientist,4,Married,8046,10186,2,Y,No,23,3,2,80,1,8,5,4,8,0,8,2
57,No,Travel_Rarely,522,Research & Development,21,3,Human Resources,1,568,2,Female,36,4,2,Manufacturing Director,4,Single,9765,18311,4,Y,No,25,3,1,80,0,11,6,1,5,3,4,2
54,No,Travel_Rarely,550,Research & Development,26,3,Technical Degree,1,569,1,Male,74,3,2,Research Director,1,Single,7185,22887,1,Y,Yes,14,3,4,80,0,5,6,4,5,1,5,1
59,Yes,Travel_Frequently,1349,Research & Development,22,2,Marketing,1,570,4,Female,43,3,3,Laboratory Technician,4,Single,12026,22675,4,Y,No,11,3,1,80,0,8,3,4,1,0,0,0
20,Yes,Travel_Frequently,766,Research & Development,2,3,Medical,1,571,4,Female,52,1,5,Laboratory Technician,2,Married,16456,5071,2,Y,No,24,3,2,80,3,2,4,4,1,1,0,1
56,No,Travel_Rarely,157,Sales,14,2,Other,1,572,2,Male,73,1,4,Sales Representative,1,Divorced,14926,8124,3,Y,No,16,3,4,80,1,12,1,1,12,10,7,5
34,No,Travel_Rarely,178,Research & Development,13,4,Marketing,1,573,2,Female,32,3,1,Research Director,4,Single,6609,17824,4,Y,No,11,3,1,80,1,3,2,1,3,3,2,2
39,Yes,Travel_Rarely,582,Research & Development,13,3,Life Sciences,1,574,4,Female,39,4,2,Healthcare Representative,3,Married,9540,13620,4,Y,Yes,23,3,2,80,3,6,3,3,3,3,2,0
36,No,Travel_Rarely,455,Sales,19,4,Medical,1,575,4,Male,31,4,3,Manager,4,Divorced,12048,12642,6,Y,Yes,17,3,3,80,0,11,3,4,2,2,0,2
48,No,Travel_Rarely,758,Research & Development,16,2,Life Sciences,1,576,4,Female,70,4,3,Manufacturing Director,3,Single,9406,14860,0,Y,No,13,3,4,80,1,15,4,1,5,1,2,5
52,No,Travel_Rarely,494,Research & Development,23,2,Technical Degree,1,577,4,Male,44,1,3,Laboratory Technician,1,Married,12035,5669,9,Y,Yes,25,3,2,80,1,14,3,2,4,0,4,1
31,No,Travel_Frequently,467,Research & Development,10,1,Technical Degree,1,578,2,Male,58,1,2,Research Scientist,2,Single,8360,13825,0,Y,Yes,15,4,1,80,0,5,4,1,0,0,0,0
41,No,Travel_Rarely,501,Research & Development,21,2,Technical Degree,1,579,1,Male,57,2,1,Healthcare Representative,2,Married,8688,11620,0,Y,No,25,3,4,80,0,6,0,2,6,4,6,5
22,No,Travel_Rarely,330,Sales,21,2,Human Resources,1,580,2,Male,62,3,3,Sales Representative,4,Single,10029,4290,3,Y,No,11,3,3,80,1,4,4,1,4,3,0,2
43,Yes,Travel_Frequently,641,Research & Development,15,3,Life Sciences,1,581,2,Female,72,2,2,Manager,3,Married,10050,25230,0,Y,Yes,16,3,1,80,1,7,2,1,7,4,4,3
51,No,Travel_Frequently,669,Sales,11,3,Technical Degree,1,582,3,Male,58,4,2,Sales Representative,2,Married,8425,14991,1,Y,Yes,12,3,2,80,1,6,0,3,6,4,6,4
21,No,Travel_Rarely,830,Research & Development,27,4,Marketing,1,583,4,Male,95,3,2,Manager,2,Married,9913,7982,6,Y,No,14,3,3,80,1,3,6,1,0,0,0,0
38,No,Travel_Rarely,297,Research & Development,7,1,Marketing,1,584,4,Male,57,1,1,Healthcare Representative,2,Married,5566,6788,4,Y,Yes,22,3,4,80,0,2,1,2,0,0,0,0
51,No,Travel_Rarely,448,Research & Development,8,3,Other,1,585,4,Male,61,4,1,Healthcare Representative,4,Single,5402,15289,4,Y,No,17,3,4,80,0,4,6,2,1,1,0,0
52,No,Travel_Frequently,159,Sales,23,1,Technical Degree,1,586,4,Male,81,2,3,Sales Executive,1,Divorced,12089,21967,9,Y,No,13,3,3,80,2,9,6,3,0,0,0,0
31,Yes,Travel_Rarely,866,Research & Development,26,3,Marketing,1,587,2,Female,70,2,1,Manager,3,Married,4535,24540,0,Y,Yes,11,3,1,80,1,5,4,2,1,0,1,1
25,No,Travel_Rarely,905,Research & Development,13,3,Marketing,1,588,3,Female,54,3,1,Manager,4,Married,5795,3546,2,Y,No,17,3,4,80,0,3,0,2,3,0,1,3
35,No,Non-Travel,954,Research & Development,11,1,Other,1,589,2,Male,96,1,3,Research Director,3,Married,13958,20102,8,Y,No,22,3,1,80,2,12,3,1,0,0,0,0
43,Yes,Travel_Frequently,584,Research & Development,10,1,Technical Degree,1,590,2,Male,71,1,5,Research Director,4,Married,18235,22906,8,Y,No,16,4,3,80,3,16,4,4,3,3,1,0
23,No,Travel_Rarely,360,Human Resources,25,2,Technical Degree,1,591,2,Male,76,1,1,Manager,4,Divorced,4108,16434,3,Y,No,14,3,1,80,1,3,6,3,3,3,0,3
47,Yes,Travel_Frequently,902,Research & Development,3,3,Technical Degree,1,592,2,Male,87,3,3,Research Scientist,3,Married,10141,23131,0,Y,No,15,3,2,80,1,11,0,2,1,1,0,0
38,No,Travel_Rarely,149,Human Resources,4,3,Technical Degree,1,593,1,Female,31,2,2,Human Resources,4,Married,8585,21706,0,Y,Yes,13,3,3,80,1,7,1,1,4,0,3,4
21,Yes,Travel_Frequently,107,Sales,4,3,Life Sciences,1,594,2,Male,91,4,5,Sales Executive,1,Single,17043,2287,5,Y,No,19,4,3,80,0,3,6,3,1,1,0,1
55,No,Travel_Rarely,905,Research & Development,19,5,Medical,1,595,3,Male,86,3,2,Laboratory Technician,2,Single,9082,2860,0,Y,No,18,3,3,80,0,4,1,1,0,0,0,0
58,No,Travel_Frequently,482,Research & Development,15,2,Human Resources,1,596,4,Male,51,1,4,Research Director,1,Married,15035,10645,4,Y,No,15,3,1,80,1,10,4,2,4,2,4,4
35,No,Travel_Rarely,771,Sales,3,4,Human Resources,1,597,2,Female,37,3,3,Sales Representative,3,Married,12411,17792,2,Y,No,17,3,3,80,0,7,0,3,1,1,1,1
55,No,Travel_Frequently,1205,Sales,27,4,Medical,1,598,4,Female,86,4,1,Sales Representative,4,Single,6082,5531,3,Y,No,24,4,2,80,1,3,5,4,2,0,2,0
51,No,Travel_Rarely,964,Research & Development,8,3,Medical,1,599,1,Male,94,2,2,Research Scientist,2,Single,9216,16894,6,Y,Yes,15,3,4,80,1,12,1,1,1,0,1,1
51,No,Travel_Rarely,1389,Research & Development,18,3,Technical Degree,1,600,4,Female,74,2,1,Laboratory Technician,1,Married,6342,17762,0,Y,No,25,3,1,80,0,0,2,1,0,0,0,0
46,No,Travel_Rarely,410,Research & Development,24,4,Other,1,601,4,Female,46,3,1,Laboratory Technician,1,Single,6141,18889,1,Y,No,25,3,3,80,1,9,5,1,1,1,1,1
26,No,Travel_Rarely,1327,Research & Development,7,2,Human Resources,1,602,2,Male,94,2,1,Healthcare Representative,4,Single,6779,11241,0,Y,No,14,3,1,80,2,7,3,2,0,0,0,0
51,Yes,Travel_Rarely,1344,Sales,3,2,Technical Degree,1,603,1,Female,47,3,3,Sales Representative,3,Single,12607,3927,8,Y,Yes,16,3,1,80,0,11,0,2,3,1,2,3
50,No,Travel_Rarely,242,Research & Development,2,1,Marketing,1,604,3,Male,77,1,1,Healthcare Representative,2,Married,4959,17709,1,Y,No,18,3,4,80,1,2,6,3,0,0,0,0
56,No,Travel_Rarely,978,Research & Development,6,3,Human Resources,1,605,2,Female,48,4,2,Manufacturing Director,1,Married,9911,17801,5,Y,Yes,18,3,1,80,0,0,0,3,0,0,0,0
54,No,Travel_Rarely,234,Sales,10,3,Marketing,1,606,1,Male,94,3,2,Manager,3,Divorced,8140,24885,6,Y,No,25,3,3,80,1,2,2,4,2,1,0,1
21,No,Travel_Rarely,714,Sales,8,2,Other,1,607,4,Female,53,1,2,Manager,2,Married,9016,25428,7,Y,No,19,4,2,80,2,3,4,4,1,0,1,1
48,No,Travel_Rarely,378,Sales,24,3,Marketing,1,608,4,Male,88,4,3,Manager,1,Divorced,12421,21408,1,Y,No,18,3,1,80,2,6,5,3,3,0,2,0
23,Yes,Travel_Rarely,185,Research & Development,15,1,Life Sciences,1,609,1,Male,32,2,4,Research Scientist,4,Married,15802,21788,7,Y,No,14,3,2,80,0,5,5,4,5,0,5,0
27,No,Travel_Rarely,944,Research & Development,13,4,Medical,1,610,3,Male,37,2,2,Manufacturing Director,2,Married,9783,23152,2,Y,Yes,24,3,1,80,2,9,0,2,2,0,0,1
33,Yes,Travel_Frequently,457,Research & Development,22,3,Technical Degree,1,611,2,Female,77,2,3,Manufacturing Director,3,Married,10397,14196,5,Y,No,24,3,4,80,1,10,1,3,5,5,2,0
44,No,Travel_Rarely,363,Sales,3,3,Medical,1,612,1,Female,91,4,1,Sales Executive,3,Married,5306,18968,1,Y,Yes,25,3,2,80,1,4,3,2,4,0,0,2
39,Yes,Travel_Rarely,1362,Research & Development,12,3,Technical Degree,1,613,1,Male,33,2,4,Research Scientist,1,Single,14621,3447,3,Y,Yes,11,3,1,80,0,18,4,3,1,1,0,0
34,No,Non-Travel,351,Research & Development,13,3,Human Resources,1,614,3,Male,66,4,2,Manufacturing Director,4,Divorced,9703,7414,7,Y,Yes,23,3,4,80,0,9,0,1,0,0,0,0
31,No,Travel_Rarely,953,Sales,7,5,Medical,1,615,1,Female,48,4,3,Sales Representative,2,Single,9917,26046,6,Y,No,22,4,1,80,0,10,4,2,2,2,1,1
46,No,Travel_Rarely,1378,Research & Development,14,3,Marketing,1,616,4,Male,61,3,3,Research Director,2,Single,10180,9098,0,Y,No,12,3,3,80,0,9,0,1,0,0,0,0
37,No,Travel_Rarely,1137,Human Resources,13,3,Other,1,617,3,Male,33,4,2,Human Resources,3,Married,10132,21911,9,Y,No,13,3,1,80,0,0,0,1,0,0,0,0
37,Yes,Travel_Frequently,321,Human Resources,13,3,Human Resources,1,618,3,Male,76,2,1,Human Resources,2,Married,5507,6575,9,Y,No,12,3,2,80,0,2,3,4,2,0,0,0
19,No,Travel_Frequently,699,Research & Development,13,1,Other,1,619,4,Male,92,2,1,Research Scientist,3,Married,6001,16436,5,Y,No,15,3,2,80,1,1,2,1,1,1,1,1
47,No,Travel_Rarely,1171,Sales,25,3,Marketing,1,620,1,Male,87,3,1,Sales Executive,3,Divorced,5219,10660,5,Y,No,24,3,1,80,1,3,4,4,2,0,1,1
30,Yes,Travel_Rarely,969,Research & Development,25,2,Other,1,621,3,Female,36,2,1,Manager,2,Married,4775,7999,5,Y,No,12,3,4,80,0,1,2,2,1,1,1,1
31,No,Travel_Rarely,1479,Research & Development,20,4,Marketing,1,622,3,Female,99,2,1,Healthcare Representative,4,Single,7118,20164,5,Y,No,13,3,4,80,0,2,3,2,2,1,1,1
28,No,Travel_Rarely,624,Human Resources,21,1,Marketing,1,623,2,Female,55,1,1,Manager,4,Single,6105,4873,2,Y,No,19,3,1,80,0,7,5,4,7,2,4,5
46,No,Travel_Rarely,1365,Research & Development,8,4,Other,1,624,2,Male,93,2,2,Healthcare Representative,4,Married,7773,4841,8,Y,No,11,3,3,80,0,7,3,3,2,1,2,0
57,No,Non-Travel,671,Research & Development,23,3,Medical,1,625,3,Female,37,4,1,Healthcare Representative,1,Married,2636,20167,8,Y,No,19,3,4,80,1,0,1,1,0,0,0,0
35,No,Travel_Rarely,485,Human Resources,6,3,Human Resources,1,626,1,Female,50,2,2,Human Resources,3,Married,7482,20802,7,Y,Yes,11,3,2,80,3,5,0,4,4,1,2,4
34,Yes,Non-Travel,1082,Research & Development,12,3,Other,1,627,1,Male,30,1,4,Healthcare Representative,4,Divorced,15592,18457,0,Y,No,24,3,3,80,1,16,6,1,10,6,10,5
43,No,Travel_Rarely,318,Sales,21,3,Life Sciences,1,628,4,Female,53,2,1,Sales Representative,1,Single,5925,17795,0,Y,Yes,24,4,2,80,0,2,1,4,2,2,1,1
45,No,Travel_Frequently,1398,Sales,9,2,Other,1,629,4,Male,80,3,2,Sales Representative,4,Single,8609,4906,9,Y,No,22,4,3,80,0,12,1,2,0,0,0,0
34,No,Travel_Rarely,126,Research & Development,19,3,Life Sciences,1,630,3,Female,42,3,2,Laboratory Technician,1,Single,6836,5267,1,Y,No,20,3,4,80,1,12,2,3,0,0,0,0
47,Yes,Travel_Frequently,327,Sales,8,3,Medical,1,631,1,Male,80,1,1,Sales Executive,2,Divorced,6434,21771,1,Y,No,23,3,4,80,0,1,0,2,1,0,1,1
40,No,Travel_Rarely,668,Research & Development,19,3,Technical Degree,1,632,1,Male,72,2,2,Manufacturing Director,4,Single,7506,15377,4,Y,No,16,3,1,80,0,9,0,2,9,9,7,9
22,Yes,Travel_Rarely,1457,Research & Development,24,3,Human Resources,1,633,4,Female,53,3,2,Healthcare Representative,2,Divorced,10567,13003,3,Y,Yes,20,3,3,80,0,4,6,1,2,1,1,2
47,No,Travel_Rarely,1335,Research & Development,11,3,Life Sciences,1,634,2,Female,54,2,2,Healthcare Representative,4,Married,7997,13017,4,Y,No,21,3,4,80,2,11,1,3,0,0,0,0
21,Yes,Travel_Rarely,1428,Research & Development,21,2,Other,1,635,2,Male,60,1,5,Manufacturing Director,1,Married,17584,11296,7,Y,No,23,3,2,80,0,3,0,1,3,0,1,1
43,No,Travel_Rarely,110,Research & Development,4,3,Marketing,1,636,4,Female,34,1,1,Research Director,4,Married,6784,21372,1,Y,No,19,3,1,80,0,0,4,3,0,0,0,0
39,No,Travel_Rarely,1424,Research & Development,10,3,Technical Degree,1,637,2,Female,46,1,4,Laboratory Technician,2,Married,14516,9889,7,Y,No,20,3,4,80,0,14,2,1,7,1,0,6
57,No,Travel_Rarely,319,Sales,8,1,Human Resources,1,638,4,Male,80,3,1,Manager,3,Married,3755,20051,3,Y,No,23,3,4,80,0,5,2,4,0,0,0,0
29,No,Travel_Rarely,496,Human Resources,17,4,Life Sciences,1,639,2,Male,94,4,1,Manager,1,Single,3043,14271,6,Y,No,22,3,1,80,1,3,3,3,2,0,2,1
56,No,Non-Travel,989,Research & Development,13,4,Medical,1,640,3,Male,64,1,2,Manufacturing Director,4,Married,11083,26915,9,Y,No,11,3,3,80,1,9,3,1,0,0,0,0
36,No,Travel_Rarely,493,Human Resources,28,2,Other,1,641,2,Male,85,2,1,Manager,4,Married,4722,5878,5,Y,Yes,12,4,3,80,2,3,3,4,0,0,0,0
32,No,Travel_Rarely,1188,Research & Development,14,3,Marketing,1,642,2,Female,68,4,4,Manufacturing Director,1,Divorced,13642,6146,5,Y,No,11,3,1,80,0,14,5,4,7,0,4,5
23,Yes,Non-Travel,254,Sales,9,5,Marketing,1,643,4,Female,46,3,5,Sales Executive,4,Married,15746,21076,9,Y,Yes,17,3,4,80,0,5,0,4,0,0,0,0
53,No,Travel_Rarely,1391,Research & Development,11,3,Medical,1,644,4,Male,90,3,2,Healthcare Representative,1,Married,8554,14316,3,Y,No,14,3,2,80,1,9,1,1,5,3,1,0
44,No,Travel_Frequently,328,Research & Development,27,3,Life Sciences,1,645,1,Female,92,4,1,Manager,2,Single,5729,2264,2,Y,No,20,3,2,80,2,2,5,4,2,1,0,0
19,Yes,Travel_Rarely,982,Research & Development,18,3,Life Sciences,1,646,2,Female,90,3,2,Laboratory Technician,1,Married,6746,12152,3,Y,Yes,21,3,3,80,0,1,0,4,1,1,0,1
59,No,Travel_Rarely,116,Research & Development,22,2,Medical,1,647,4,Male,77,1,2,Healthcare Representative,1,Married,6842,3768,1,Y,No,14,3,2,80,3,7,1,2,1,1,1,0
23,No,Travel_Frequently,1177,Research & Development,29,3,Medical,1,648,4,Male,42,1,2,Healthcare Representative,3,Married,8631,16727,1,Y,No,12,3,2,80,3,5,4,1,5,1,2,1
42,No,Travel_Rarely,851,Research & Development,13,4,Human Resources,1,649,2,Male,98,3,2,Manager,2,Divorced,9868,8510,5,Y,No,17,3,1,80,0,11,3,3,2,1,0,2
18,Yes,Travel_Rarely,1195,Research & Development,10,4,Life Sciences,1,650,4,Male,60,3,1,Laboratory Technician,2,Married,6368,13450,8,Y,No,16,3,3,80,2,0,3,3,0,0,0,0
41,No,Travel_Rarely,546,Research & Development,18,2,Technical Degree,1,651,1,Female,87,2,3,Healthcare Representative,2,Married,11775,25226,4,Y,No,22,3,1,80,1,11,2,1,11,8,0,8
49,Yes,Travel_Rarely,924,Research & Development,2,4,Other,1,652,4,Female,57,1,1,Healthcare Representative,4,Married,5945,17810,8,Y,No,12,3,3,80,2,0,3,4,0,0,0,0
45,No,Travel_Frequently,459,Research & Development,17,2,Other,1,653,2,Male,66,3,2,Laboratory Technician,1,Single,8635,19659,1,Y,No,12,3,4,80,2,7,2,1,0,0,0,0
36,No,Travel_Rarely,188,Research & Development,3,4,Medical,1,654,3,Male,55,4,2,Research Director,4,Single,9160,17193,9,Y,No,15,3,3,80,1,7,1,4,3,3,1,1
37,No,Travel_Rarely,197,Research & Development,28,3,Human Resources,1,655,1,Female,34,1,1,Research Scientist,1,Married,7061,17592,5,Y,Yes,13,3,4,80,1,3,6,4,3,0,3,0
27,Yes,Non-Travel,199,Research & Development,6,2,Marketing,1,656,2,Male,52,1,1,Research Scientist,3,Married,5590,24537,9,Y,Yes,19,3,1,80,0,0,6,1,0,0,0,0
38,No,Travel_Frequently,1147,Research & Development,15,4,Technical Degree,1,657,3,Female,73,2,2,Research Scientist,1,Divorced,8593,5004,2,Y,No,13,3,1,80,0,4,5,4,2,0,0,2
44,No,Travel_Rarely,145,Research & Development,20,3,Medical,1,658,4,Female,85,2,1,Research Director,4,Married,6500,18615,6,Y,No,14,4,2,80,0,2,6,2,2,1,0,1
50,No,Travel_Frequently,571,Research & Development,2,3,Human Resources,1,659,1,Male,46,4,3,Manager,2,Divorced,10305,26138,1,Y,No,14,4,2,80,1,11,1,3,1,0,1,1
22,Yes,Travel_Rarely,283,Research & Development,28,3,Life Sciences,1,660,3,Female,75,3,1,Healthcare Representative,1,Married,6149,12581,1,Y,No,19,3,4,80,0,4,5,1,4,0,2,2
49,No,Travel_Rarely,582,Research & Development,29,5,Other,1,661,4,Male,91,1,1,Healthcare Representative,4,Married,6112,23398,2,Y,No,23,4,1,80,0,7,4,2,5,5,2,3
37,No,Travel_Rarely,1165,Research & Development,13,4,Medical,1,662,4,Male,79,4,1,Manufacturing Director,2,Married,7383,11638,2,Y,Yes,20,3,1,80,0,3,0,1,2,0,1,2
48,No,Travel_Rarely,413,Sales,20,3,Marketing,1,663,4,Male,69,2,2,Sales Executive,2,Single,9660,19242,5,Y,No,14,3,1,80,0,6,5,2,0,0,0,0
24,No,Travel_Frequently,512,Research & Development,7,4,Other,1,664,1,Male,32,3,2,Healthcare Representative,4,Married,9742,24979,5,Y,No,24,4,2,80,1,6,3,1,6,4,4,5
57,Yes,Travel_Frequently,284,Human Resources,7,3,Other,1,665,1,Female,35,1,5,Manager,2,Married,15762,9594,1,Y,Yes,13,3,3,80,0,18,1,4,1,1,1,0
19,Yes,Travel_Rarely,1049,Research & Development,3,1,Technical Degree,1,666,3,Male,31,1,1,Manager,4,Married,4879,8454,1,Y,Yes,12,3,1,80,1,1,0,2,1,0,0,0
52,No,Travel_Rarely,643,Research & Development,1,4,Medical,1,667,1,Female,95,3,1,Healthcare Representative,2,Married,4695,25269,4,Y,Yes,13,3,2,80,1,8,2,1,3,1,0,2
54,Yes,Travel_Frequently,1420,Research & Development,19,4,Life Sciences,1,668,4,Male,66,1,2,Laboratory Technician,3,Divorced,10033,16425,2,Y,Yes,19,3,2,80,0,14,1,3,0,0,0,0
56,Yes,Travel_Rarely,360,Research & Development,11,2,Medical,1,669,2,Male,81,1,3,Manager,3,Married,12399,15310,9,Y,Yes,12,3,3,80,0,9,2,3,3,1,1,1
59,Yes,Travel_Rarely,453,Sales,20,2,Technical Degree,1,670,2,Female,71,3,2,Manager,2,Married,6090,23531,0,Y,No,12,3,1,80,1,12,6,4,8,5,5,7
59,No,Travel_Frequently,336,Research & Development,1,3,Other,1,671,2,Male,98,1,2,Healthcare Representative,4,Single,10416,10732,1,Y,No,18,4,2,80,1,1,5,3,0,0,0,0
57,No,Travel_Rarely,1352,Research & Development,16,3,Human Resources,1,672,4,Male,94,3,1,Research Scientist,4,Married,6744,5916,9,Y,No,24,3,3,80,1,7,4,2,4,2,1,2
34,Yes,Travel_Frequently,290,Research & Development,17,3,Marketing,1,673,1,Male,51,2,1,Manufacturing Director,2,Divorced,4963,19679,6,Y,No,16,3,4,80,0,0,1,1,0,0,0,0
34,Yes,Travel_Rarely,1479,Sales,9,4,Technical Degree,1,674,3,Male,61,2,1,Sales Executive,2,Divorced,4419,17504,7,Y,No,20,3,3,80,0,3,5,1,0,0,0,0
29,Yes,Travel_Rarely,487,Research & Development,23,2,Marketing,1,675,1,Male,38,2,2,Healthcare Representative,4,Single,11264,8857,4,Y,No,12,3,3,80,2,8,1,3,1,1,0,0
44,Yes,Travel_Rarely,185,Sales,19,3,Other,1,676,4,Male,69,4,4,Sales Representative,4,Married,13700,6375,6,Y,Yes,18,3,2,80,2,12,0,1,2,0,1,2
27,No,Travel_Rarely,819,Research & Development,27,1,Technical Degree,1,677,4,Male,81,3,5,Research Director,3,Single,18504,20874,4,Y,No,16,3,3,80,1,9,6,1,1,0,0,0
50,No,Travel_Rarely,286,Research & Development,8,4,Life Sciences,1,678,2,Female,36,2,1,Laboratory Technician,4,Married,6232,19924,9,Y,No,18,3,3,80,1,7,0,4,6,6,5,5
33,No,Travel_Rarely,1374,Sales,13,3,Marketing,1,679,3,Male,33,1,2,Sales Executive,1,Single,8438,4822,0,Y,No,11,3,1,80,1,5,3,2,0,0,0,0
36,No,Travel_Rarely,1392,Research & Development,11,4,Other,1,680,4,Female,55,2,1,Research Scientist,1,Married,5059,20674,1,Y,No,18,3,4,80,1,0,3,2,0,0,0,0
59,Yes,Travel_Frequently,180,Research & Development,9,3,Technical Degree,1,681,3,Male,45,1,4,Research Scientist,3,Single,14364,8450,4,Y,Yes,23,4,2,80,1,12,6,2,2,0,2,2
30,Yes,Travel_Rarely,932,Research & Development,4,3,Life Sciences,1,682,4,Male,41,4,3,Manager,2,Divorced,11071,16314,2,Y,No,21,3,1,80,0,11,0,4,6,1,5,3
34,No,Travel_Rarely,706,Research & Development,16,2,Technical Degree,1,683,2,Female,66,1,4,Laboratory Technician,4,Divorced,13426,18914,6,Y,No,12,4,3,80,0,11,1,2,4,2,0,2
35,Yes,Travel_Rarely,803,Sales,2,2,Human Resources,1,684,2,Male,39,1,1,Sales Representative,4,Married,6979,4944,2,Y,Yes,18,4,2,80,3,0,0,3,0,0,0,0
49,No,Travel_Rarely,823,Sales,10,4,Life Sciences,1,685,1,Male,81,3,2,Sales Executive,1,Divorced,10781,4845,3,Y,Yes,17,3,1,80,1,9,3,1,1,1,1,1
27,Yes,Travel_Rarely,1332,Sales,27,3,Other,1,686,1,Female,36,4,2,Sales Executive,1,Married,8203,14828,8,Y,No,13,3,2,80,1,3,3,3,0,0,0,0
22,No,Travel_Rarely,371,Research & Development,28,4,Life Sciences,1,687,2,Male,52,3,4,Manufacturing Director,2,Single,13930,19171,7,Y,No,18,3,2,80,0,4,3,1,2,1,0,1
55,No,Non-Travel,585,Research & Development,28,4,Other,1,688,1,Male,42,4,5,Healthcare Representative,4,Single,16473,16768,3,Y,No,20,3,4,80,0,19,2,4,2,1,1,0
47,No,Travel_Rarely,537,Research & Development,3,1,Human Resources,1,689,2,Male,83,4,3,Healthcare Representative,3,Divorced,12016,25237,7,Y,No,25,3,3,80,0,5,4,1,4,1,4,2
24,Yes,Travel_Rarely,1187,Research & Development,4,2,Marketing,1,690,1,Male,41,3,2,Manager,1,Divorced,9137,6315,0,Y,Yes,18,3,2,80,0,3,4,2,3,2,0,0
50,No,Travel_Rarely,523,Research & Development,12,4,Human Resources,1,691,4,Female,86,2,2,Research Director,4,Divorced,7893,16067,8,Y,No,25,3,4,80,1,5,1,3,1,0,0,0
19,No,Travel_Rarely,892,Research & Development,9,1,Technical Degree,1,692,4,Female,48,4,5,Manager,1,Divorced,16115,15073,1,Y,Yes,23,3,1,80,1,1,1,4,1,1,0,1
24,Yes,Travel_Rarely,1276,Research & Development,10,4,Marketing,1,693,1,Female,59,4,3,Research Director,1,Divorced,12283,21814,7,Y,No,21,3,4,80,3,6,6,1,0,0,0,0
39,Yes,Non-Travel,1274,Research & Development,28,3,Technical Degree,1,694,1,Male,35,4,1,Laboratory Technician,2,Married,6756,25654,1,Y,No,22,3,3,80,0,2,2,3,0,0,0,0
58,Yes,Travel_Rarely,323,Sales,23,3,Life Sciences,1,695,2,Female,98,3,1,Manager,3,Married,5281,26096,0,Y,No,23,3,2,80,1,6,5,3,0,0,0,0
56,Yes,Non-Travel,1030,Research & Development,4,2,Medical,1,696,1,Female,93,4,2,Manufacturing Director,1,Divorced,7359,17617,3,Y,No,16,3,3,80,2,10,1,2,1,0,0,0
38,No,Travel_Rarely,1158,Human Resources,5,4,Marketing,1,697,4,Male,48,3,3,Manager,3,Single,11680,11672,8,Y,Yes,13,3,3,80,1,8,1,4,0,0,0,0
46,No,Travel_Frequently,195,Research & Development,29,3,Human Resources,1,698,3,Female,36,4,5,Research Scientist,1,Married,15874,2814,3,Y,No,16,3,3,80,0,16,2,3,3,2,2,0
36,Yes,Travel_Rarely,1190,Sales,26,4,Human Resources,1,699,2,Male,87,3,2,Manager,2,Divorced,7878,25721,2,Y,No,15,3,2,80,2,2,2,3,2,2,1,1
37,Yes,Travel_Frequently,1216,Research & Development,8,4,Technical Degree,1,700,1,Female,30,3,2,Healthcare Representative,2,Single,8119,21742,5,Y,Yes,25,3,4,80,2,5,5,1,5,4,4,4
21,Yes,Travel_Rarely,745,Research & Development,21,3,Medical,1,701,4,Female,62,3,3,Laboratory Technician,3,Married,8795,18386,4,Y,Yes,15,4,4,80,0,3,0,1,0,0,0,0
53,No,Travel_Rarely,1468,Research & Development,19,2,Life Sciences,1,702,3,Male,52,1,1,Manufacturing Director,2,Married,7449,13321,3,Y,No,19,4,3,80,3,2,3,1,2,0,1,1
57,No,Travel_Rarely,1059,Research & Development,18,3,Life Sciences,1,703,4,Female,48,4,1,Laboratory Technician,4,Married,4874,18123,7,Y,No,23,4,1,80,1,2,5,4,2,1,2,0
20,No,Travel_Rarely,171,Research & Development,7,4,Other,1,704,1,Male,45,2,5,Research Scientist,2,Married,15357,5652,5,Y,No,11,3,2,80,2,2,2,4,2,0,0,2
32,No,Travel_Rarely,1000,Sales,28,4,Technical Degree,1,705,3,Male,70,3,1,Sales Executive,1,Single,6320,7562,8,Y,No,23,3,4,80,0,0,0,4,0,0,0,0
53,No,Travel_Rarely,1290,Research & Development,6,3,Life Sciences,1,706,2,Male,93,4,1,Research Scientist,3,Married,6952,13405,5,Y,No,14,3,2,80,0,4,0,1,2,2,2,2
49,Yes,Travel_Rarely,999,Sales,9,5,Human Resources,1,707,3,Male,52,1,3,Sales Executive,3,Divorced,10427,3820,1,Y,Yes,16,4,1,80,1,14,0,2,2,2,2,2
24,No,Travel_Rarely,1296,Research & Development,11,3,Human Resources,1,708,4,Female,68,4,3,Laboratory Technician,4,Married,11028,13559,3,Y,No,11,4,2,80,0,6,2,4,0,0,0,0
20,No,Travel_Rarely,303,Sales,17,2,Other,1,709,1,Male,55,1,2,Sales Executive,1,Divorced,9599,21426,5,Y,No,14,3,3,80,0,2,1,4,1,0,0,1
25,No,Travel_Rarely,1445,Research & Development,12,3,Human Resources,1,710,3,Male,67,1,1,Research Director,2,Married,5009,25125,0,Y,No,21,3,1,80,3,1,6,2,1,0,0,1
19,No,Travel_Rarely,862,Sales,9,4,Marketing,1,711,3,Male,30,1,3,Manager,4,Married,12046,16469,4,Y,No,25,3,4,80,2,1,4,1,0,0,0,0
54,No,Travel_Rarely,786,Research & Development,4,4,Life Sciences,1,712,2,Female,80,3,1,Research Director,2,Married,5962,6482,6,Y,Yes,21,3,2,80,0,8,4,4,0,0,0,0
39,No,Travel_Rarely,1411,Research & Development,8,4,Other,1,713,2,Female,34,3,2,Healthcare Representative,4,Married,10019,25763,5,Y,No,16,4,1,80,1,2,5,3,2,2,2,2
48,Yes,Travel_Rarely,1223,Research & Development,18,4,Human Resources,1,714,4,Female,73,3,2,Healthcare Representative,2,Married,8281,12509,8,Y,Yes,14,3,3,80,2,4,6,3,4,1,3,0
45,No,Travel_Rarely,105,Research & Development,8,3,Other,1,715,2,Male,70,4,2,Research Director,1,Single,8522,22854,1,Y,Yes,19,3,1,80,1,0,2,3,0,0,0,0
33,No,Non-Travel,389,Research & Development,20,3,Marketing,1,716,1,Female,47,3,4,Research Scientist,4,Single,14493,4410,3,Y,No,17,4,2,80,1,15,6,3,1,1,0,1
51,No,Travel_Rarely,827,Sales,7,4,Human Resources,1,717,4,Female,57,3,5,Sales Representative,1,Married,17556,7819,0,Y,Yes,11,3,3,80,1,14,2,1,6,3,5,2
60,No,Travel_Rarely,1489,Human Resources,10,1,Life Sciences,1,718,2,Female,78,3,2,Human Resources,1,Divorced,7109,15593,0,Y,No,15,3,3,80,1,7,5,3,5,4,5,2
56,No,Travel_Rarely,722,Research & Development,1,3,Life Sciences,1,719,3,Male,72,2,1,Laboratory Technician,4,Married,6120,2302,7,Y,No,23,4,2,80,0,4,4,2,2,2,2,1
42,No,Travel_Rarely,300,Sales,11,3,Human Resources,1,720,2,Female,76,3,3,Sales Executive,1,Married,12110,7536,7,Y,No,19,3,1,80,0,7,2,4,0,0,0,0
38,No,Travel_Frequently,1364,Sales,24,3,Human Resources,1,721,1,Male,77,3,2,Manager,3,Married,6777,2443,6,Y,No,19,4,1,80,0,11,0,3,2,2,1,0
55,Yes,Travel_Frequently,674,Sales,14,3,Other,1,722,4,Male,69,3,3,Manager,2,Single,13955,19504,1,Y,No,17,3,3,80,1,11,5,1,0,0,0,0
46,No,Travel_Rarely,1104,Research & Development,15,1,Human Resources,1,723,3,Male,35,3,2,Manufacturing Director,4,Married,6651,16928,6,Y,No,16,4,3,80,1,9,4,4,5,5,5,1
47,No,Non-Travel,287,Research & Development,20,4,Human Resources,1,724,4,Female,59,3,4,Research Scientist,1,Single,14973,3075,4,Y,No,11,3,2,80,0,12,2,1,0,0,0,0
58,No,Travel_Rarely,235,Research & Development,24,1,Human Resources,1,725,1,Male,58,1,1,Research Scientist,4,Divorced,4183,9650,8,Y,No,24,3,2,80,0,0,5,3,0,0,0,0
35,No,Travel_Frequently,401,Research & Development,23,3,Other,1,726,1,Female,30,2,4,Laboratory Technician,1,Married,13177,16927,2,Y,No,16,3,4,80,0,17,0,2,2,2,1,0
40,No,Travel_Rarely,1280,Sales,1,1,Human Resources,1,727,2,Male,92,3,1,Sales Representative,2,Married,5105,7772,1,Y,No,17,4,1,80,0,0,0,1,0,0,0,0
59,Yes,Travel_Frequently,816,Sales,16,2,Medical,1,728,4,Male,43,4,2,Manager,2,Divorced,8523,19292,7,Y,Yes,17,3,2,80,1,4,2,3,0,0,0,0
20,Yes,Non-Travel,246,Sales,11,2,Technical Degree,1,729,2,Female,97,4,1,Sales Representative,1,Married,5806,19177,2,Y,No,23,3,1,80,0,2,5,3,2,1,1,0
24,No,Travel_Frequently,313,Research & Development,27,1,Human Resources,1,730,1,Male,82,2,2,Research Scientist,1,Single,8420,13497,1,Y,No,16,3,1,80,1,3,1,1,0,0,0,0
34,No,Travel_Rarely,947,Sales,28,2,Other,1,731,3,Male,79,1,2,Manager,4,Married,10078,13618,5,Y,Yes,19,3,2,80,0,10,1,3,9,3,2,7
58,Yes,Travel_Rarely,780,Sales,3,3,Medical,1,732,4,Male,94,2,2,Sales Representative,3,Married,8563,6979,5,Y,Yes,15,3,3,80,1,11,2,3,11,2,9,2
25,Yes,Non-Travel,1003,Sales,14,3,Life Sciences,1,733,2,Male,47,1,3,Manager,3,Single,11712,7872,3,Y,No,13,3,2,80,2,7,5,3,2,1,0,2
45,No,Travel_Rarely,1213,Sales,22,3,Marketing,1,734,2,Male,92,2,1,Sales Representative,3,Divorced,5230,19219,4,Y,No,23,3,2,80,0,11,4,2,2,0,2,1
20,Yes,Travel_Rarely,1388,Research & Development,8,2,Other,1,735,4,Female,61,4,1,Research Scientist,3,Single,3208,25668,0,Y,No,18,3,2,80,0,2,4,2,2,1,0,2
54,No,Travel_Rarely,636,Research & Development,14,3,Marketing,1,736,4,Male,43,2,1,Research Director,1,Single,5403,25394,1,Y,No,24,3,4,80,0,8,4,2,0,0,0,0
21,Yes,Travel_Rarely,994,Research & Development,4,3,Human Resources,1,737,4,Male,71,3,4,Laboratory Technician,1,Divorced,15121,20298,4,Y,No,13,3,3,80,0,3,3,1,2,2,1,2
29,Yes,Travel_Rarely,321,Research & Development,27,2,Human Resources,1,738,2,Male,33,2,2,Research Director,2,Married,7523,10123,0,Y,Yes,12,3,4,80,0,9,2,2,0,0,0,0
25,No,Travel_Rarely,486,Research & Development,12,3,Medical,1,739,1,Male,96,4,1,Laboratory Technician,1,Married,5778,3934,1,Y,No,19,3,2,80,0,4,4,3,3,2,3,0
33,No,Travel_Rarely,571,Sales,11,4,Technical Degree,1,740,2,Male,43,2,1,Manager,4,Married,5158,24891,1,Y,No,23,3,1,80,2,7,6,2,1,1,1,1
21,Yes,Travel_Rarely,756,Research & Development,18,2,Human Resources,1,741,1,Male,82,3,1,Research Scientist,4,Divorced,6966,20843,9,Y,No,25,3,3,80,0,3,2,1,0,0,0,0
32,Yes,Travel_Rarely,576,Research & Development,17,1,Marketing,1,742,1,Male,77,3,1,Manufacturing Director,2,Single,6368,11730,3,Y,No,22,3,1,80,1,6,6,3,6,4,1,5
34,No,Non-Travel,392,Research & Development,21,4,Medical,1,743,3,Female,97,2,2,Laboratory Technician,1,Divorced,8632,3812,4,Y,Yes,14,3,2,80,0,7,6,1,7,1,2,4
22,Yes,Travel_Rarely,1257,Research & Development,8,4,Other,1,744,1,Male,63,2,1,Manufacturing Director,3,Single,5390,8320,0,Y,No,14,3,4,80,0,4,6,2,0,0,0,0
19,No,Non-Travel,946,Research & Development,12,4,Technical Degree,1,745,1,Female,94,4,1,Research Scientist,2,Single,5616,13111,5,Y,No,20,3,3,80,2,1,4,3,1,1,1,0
20,Yes,Non-Travel,666,Sales,25,2,Technical Degree,1,746,4,Male,63,2,2,Sales Executive,1,Married,8561,15692,3,Y,No,16,3,3,80,1,2,3,4,1,0,0,1
32,No,Travel_Rarely,731,Research & Development,2,5,Other,1,747,3,Female,84,3,1,Healthcare Representative,3,Divorced,6963,5940,3,Y,Yes,12,3,1,80,2,4,5,3,2,1,0,1
38,Yes,Travel_Frequently,916,Sales,10,3,Human Resources,1,748,2,Female,69,2,3,Sales Representative,4,Divorced,10146,16289,6,Y,No,11,3,3,80,1,11,0,3,4,1,4,1
33,No,Travel_Rarely,1418,Research & Development,7,4,Other,1,749,1,Male,59,4,1,Research Scientist,3,Divorced,6319,21956,1,Y,No,17,3,4,80,2,0,4,2,0,0,0,0
19,No,Travel_Rarely,820,Research & Development,5,4,Other,1,750,3,Male,84,3,2,Healthcare Representative,4,Single,8688,21745,1,Y,No,11,3,4,80,2,1,0,4,1,0,1,1
34,No,Travel_Frequently,111,Research & Development,8,2,Medical,1,751,4,Male,63,4,3,Healthcare Representative,1,Divorced,9893,6915,3,Y,No,23,3,1,80,0,6,5,2,3,2,3,1
21,Yes,Non-Travel,804,Research & Development,12,2,Life Sciences,1,752,4,Male,44,3,3,Research Director,2,Single,11857,15692,9,Y,No,19,3,3,80,2,3,4,1,2,1,2,2
33,Yes,Travel_Rarely,1330,Research & Development,24,3,Technical Degree,1,753,3,Female,80,4,2,Research Director,3,Married,9954,7028,9,Y,No,18,4,2,80,1,5,6,4,1,1,1,1
59,Yes,Travel_Rarely,471,Research & Development,5,3,Life Sciences,1,754,3,Male,81,2,1,Healthcare Representative,1,Divorced,5179,17677,3,Y,Yes,13,3,4,80,0,2,3,3,1,1,0,0
45,No,Travel_Rarely,1427,Research & Development,8,3,Life Sciences,1,755,4,Female,85,2,2,Healthcare Representative,1,Divorced,9021,19252,9,Y,No,19,3,2,80,1,3,6,4,1,0,1,1
48,No,Travel_Rarely,1041,Research & Development,29,3,Life Sciences,1,756,4,Male,61,2,1,Manager,1,Single,4618,15905,1,Y,Yes,23,3,3,80,0,5,2,3,2,2,2,2
56,No,Non-Travel,1394,Sales,19,3,Marketing,1,757,3,Male,41,4,2,Sales Executive,3,Single,9748,14928,5,Y,No,16,3,3,80,1,6,6,2,0,0,0,0
51,No,Travel_Rarely,1498,Research & Development,2,2,Technical Degree,1,758,3,Female,80,2,2,Research Scientist,3,Divorced,10409,12243,8,Y,Yes,18,3,3,80,0,6,6,2,0,0,0,0
55,No,Travel_Frequently,870,Research & Development,5,2,Other,1,759,4,Male,40,3,5,Healthcare Representative,3,Married,18986,23434,3,Y,No,14,3,3,80,1,15,2,1,0,0,0,0
23,Yes,Travel_Rarely,1004,Sales,5,3,Technical Degree,1,760,2,Male,38,1,2,Sales Representative,4,Married,9646,6996,2,Y,Yes,21,3,3,80,0,5,0,4,0,0,0,0
51,Yes,Travel_Rarely,1083,Research & Development,2,4,Human Resources,1,761,3,Male,52,3,1,Laboratory Technician,3,Single,6158,13509,2,Y,Yes,13,4,2,80,2,7,3,2,2,2,0,1
40,Yes,Travel_Frequently,515,Research & Development,12,3,Life Sciences,1,762,2,Female,30,2,1,Research Director,2,Married,4728,18644,0,Y,No,16,3,2,80,0,4,3,2,0,0,0,0
53,No,Travel_Rarely,1241,Research & Development,15,3,Other,1,763,1,Male,43,3,1,Manufacturing Director,4,Single,6059,9229,4,Y,No,16,3,4,80,0,0,1,1,0,0,0,0
37,Yes,Travel_Rarely,677,Research & Development,21,3,Medical,1,764,2,Female,77,4,2,Research Director,2,Married,8123,16720,4,Y,No,17,3,1,80,1,9,4,1,1,0,1,1
30,No,Travel_Rarely,1319,Sales,2,4,Technical Degree,1,765,3,Male,82,1,2,Sales Executive,2,Married,8729,15398,4,Y,No,25,4,3,80,0,5,6,4,0,0,0,0
43,No,Travel_Frequently,182,Research & Development,29,4,Other,1,766,1,Female,45,3,2,Manager,4,Married,9340,25057,7,Y,No,21,3,3,80,1,7,0,2,3,0,2,0
55,No,Travel_Frequently,170,Research & Development,19,4,Marketing,1,767,3,Male,53,2,1,Research Scientist,1,Married,8832,25413,1,Y,Yes,23,4,3,80,0,2,2,1,2,0,1,1
23,No,Travel_Rarely,1133,Sales,1,3,Life Sciences,1,768,1,Male,36,2,4,Manager,4,Married,14366,18024,6,Y,Yes,18,3,3,80,3,5,1,4,5,4,5,1
45,No,Travel_Rarely,434,Research & Development,19,3,Other,1,769,1,Male,98,1,1,Research Director,2,Single,5298,25962,2,Y,No,20,3,4,80,0,0,4,2,0,0,0,0
27,No,Travel_Rarely,1116,Sales,15,3,Life Sciences,1,770,4,Female,42,2,2,Manager,4,Single,9534,23404,3,Y,Yes,12,3,1,80,1,9,3,4,3,3,2,2
57,No,Travel_Rarely,1381,Research & Development,11,2,Marketing,1,771,2,Female,31,1,2,Healthcare Representative,3,Divorced,10008,4049,1,Y,No,14,3,4,80,0,3,0,4,3,0,2,1
40,No,Travel_Rarely,984,Research & Development,29,4,Human Resources,1,772,3,Female,64,3,3,Manufacturing Director,1,Married,10626,26489,2,Y,No,14,3,1,80,0,12,3,3,1,0,0,1
19,No,Travel_Rarely,493,Sales,27,3,Life Sciences,1,773,1,Male,34,4,2,Sales Executive,1,Divorced,12816,11225,3,Y,Yes,24,4,3,80,0,1,2,1,1,0,0,1
44,No,Non-Travel,152,Research & Development,12,1,Technical Degree,1,774,1,Male,84,1,1,Research Director,2,Divorced,6713,3454,5,Y,No,19,3,3,80,3,6,5,4,2,1,2,2
37,Yes,Travel_Rarely,1044,Research & Development,25,3,Other,1,775,3,Female,35,1,2,Manager,3,Single,8052,18511,0,Y,Yes,13,3,1,80,0,2,6,2,1,0,1,1
19,No,Travel_Rarely,166,Human Resources,9,1,Medical,1,776,3,Male,74,4,1,Human Resources,3,Single,4563,8547,1,Y,No,16,3,2,80,1,1,6,3,0,0,0,0
57,No,Non-Travel,179,Research & Development,12,1,Technical Degree,1,777,2,Male,85,3,5,Manager,3,Married,16363,7965,4,Y,No,18,3,4,80,1,16,3,1,2,1,2,2
28,No,Travel_Rarely,111,Research & Development,26,4,Technical Degree,1,778,3,Male,76,4,2,Manager,2,Married,8685,26148,3,Y,Yes,22,3,2,80,3,10,3,4,0,0,0,0
31,No,Travel_Rarely,483,Research & Development,8,4,Human Resources,1,779,2,Male,59,3,1,Manager,2,Married,4667,23179,3,Y,No,23,3,4,80,0,4,2,3,4,2,4,4
59,No,Non-Travel,298,Research & Development,5,3,Technical Degree,1,780,3,Female,30,3,4,Manufacturing Director,1,Divorced,13520,23715,1,Y,No,22,3,3,80,1,10,1,3,2,2,2,1
50,No,Travel_Rarely,480,Research & Development,14,3,Marketing,1,781,3,Female,31,4,1,Laboratory Technician,1,Married,7109,19386,1,Y,No,19,4,3,80,0,6,1,3,1,1,0,1
46,No,Travel_Rarely,458,Human Resources,2,2,Marketing,1,782,2,Male,46,3,4,Human Resources,4,Single,14953,25517,4,Y,No,18,3,3,80,1,14,5,4,1,0,0,1
50,No,Travel_Rarely,1317,Research & Development,3,3,Technical Degree,1,783,3,Female,52,4,1,Laboratory Technician,4,Divorced,5904,10599,3,Y,No,21,3,1,80,0,6,4,3,1,0,0,1
23,No,Travel_Rarely,927,Research & Development,19,2,Other,1,784,1,Female,39,4,3,Manager,4,Married,10978,6211,6,Y,No,18,3,2,80,1,5,4,4,5,3,5,2
55,No,Travel_Rarely,224,Sales,4,2,Technical Degree,1,785,1,Male,58,4,3,Sales Executive,4,Divorced,8537,6054,2,Y,No,20,3,1,80,0,11,3,1,3,3,2,3
59,No,Travel_Frequently,186,Research & Development,24,1,Human Resources,1,786,3,Male,40,4,2,Research Director,3,Single,9324,18085,1,Y,No,14,3,4,80,0,9,4,2,0,0,0,0
41,No,Travel_Rarely,1397,Research & Development,9,3,Other,1,787,4,Male,51,4,2,Manufacturing Director,4,Single,8570,19107,0,Y,No,25,3,3,80,0,7,2,2,1,1,0,0
33,Yes,Travel_Rarely,1155,Research & Development,9,2,Technical Degree,1,788,2,Male,47,1,4,Research Scientist,2,Divorced,15238,12133,9,Y,No,14,3,2,80,0,15,6,1,1,1,0,1
42,No,Travel_Rarely,729,Research & Development,21,4,Technical Degree,1,789,2,Male,72,2,3,Laboratory Technician,1,Single,12941,25364,9,Y,No,24,4,2,80,1,10,3,1,10,3,3,10
23,Yes,Travel_Rarely,336,Sales,23,3,Human Resources,1,790,4,Female,32,2,1,Manager,4,Single,5619,26925,2,Y,Yes,16,3,4,80,0,4,3,1,1,0,1,1
29,No,Travel_Rarely,888,Sales,17,4,Medical,1,791,3,Male,69,4,2,Manager,4,Married,8241,6491,7,Y,No,24,3,2,80,2,4,4,4,4,1,3,1
35,No,Non-Travel,892,Research & Development,1,3,Marketing,1,792,1,Male,48,4,4,Manager,2,Married,13201,23413,9,Y,No,21,3,2,80,0,6,0,2,3,1,3,0
53,No,Travel_Frequently,1482,Sales,24,5,Medical,1,793,3,Male,78,1,2,Sales Representative,3,Divorced,9499,19997,9,Y,No,24,3,1,80,0,5,0,2,2,2,2,1
45,Yes,Travel_Rarely,1493,Research & Development,3,3,Marketing,1,794,3,Male,73,3,3,Research Scientist,2,Divorced,10190,6447,6,Y,No,18,3,1,80,1,10,0,2,0,0,0,0
34,No,Travel_Rarely,1118,Human Resources,19,3,Medical,1,795,1,Female,31,4,2,Human Resources,4,Single,8188,22540,8,Y,Yes,13,3,3,80,1,8,2,4,2,0,2,2
24,Yes,Non-Travel,731,Human Resources,4,5,Other,1,796,2,Female,30,1,2,Human Resources,2,Single,8174,3838,7,Y,No,17,3,4,80,1,2,2,3,1,0,1,1
32,No,Travel_Rarely,1478,Sales,18,1,Medical,1,797,1,Female,94,3,2,Manager,1,Married,10316,5818,2,Y,No,22,3,1,80,3,7,6,4,4,1,1,1
39,No,Non-Travel,116,Sales,18,2,Marketing,1,798,1,Male,77,2,1,Sales Representative,3,Married,7835,10289,7,Y,Yes,11,3,1,80,1,3,1,4,0,0,0,0
32,No,Travel_Rarely,958,Research & Development,5,4,Other,1,799,1,Female,55,2,2,Manufacturing Director,2,Single,7463,20858,0,Y,No,18,4,4,80,3,6,2,2,2,1,1,2
54,Yes,Travel_Rarely,1179,Research & Development,28,2,Life Sciences,1,800,4,Female,61,2,1,Research Director,1,Divorced,4358,12576,8,Y,Yes,14,4,2,80,1,0,5,4,0,0,0,0
26,No,Travel_Rarely,902,Sales,3,2,Life Sciences,1,801,2,Male,56,3,2,Sales Executive,1,Married,7957,7255,4,Y,No,17,3,4,80,0,7,1,3,0,0,0,0
48,No,Travel_Rarely,955,Research & Development,18,3,Life Sciences,1,802,4,Male,91,4,3,Healthcare Representative,4,Married,9656,18651,6,Y,No,25,4,3,80,1,8,0,1,3,3,1,1
30,No,Travel_Rarely,476,Research & Development,29,4,Marketing,1,803,3,Male,97,4,5,Research Director,3,Married,18076,17640,5,Y,Yes,14,3,4,80,1,12,0,2,2,1,1,0
31,No,Travel_Frequently,676,Research & Development,9,3,Marketing,1,804,2,Male,30,1,1,Laboratory Technician,3,Married,6208,4892,3,Y,Yes,14,3,1,80,0,4,3,3,4,0,1,1
20,Yes,Travel_Frequently,1230,Research & Development,26,3,Technical Degree,1,805,3,Male,90,1,2,Laboratory Technician,3,Divorced,8300,14502,2,Y,Yes,21,3,4,80,1,2,6,4,1,1,0,0
56,Yes,Travel_Rarely,661,Research & Development,6,4,Technical Degree,1,806,2,Female,72,1,2,Research Director,3,Married,9786,20275,0,Y,Yes,14,3,2,80,0,7,3,2,3,0,3,2
54,No,Travel_Frequently,868,Sales,28,3,Medical,1,807,3,Female,59,1,2,Sales Representative,4,Single,9385,20610,4,Y,No,16,3,2,80,1,2,1,2,2,2,2,0
37,No,Non-Travel,609,Sales,16,4,Medical,1,808,4,Female,85,4,2,Sales Executive,1,Divorced,7306,26201,3,Y,No,19,3,2,80,0,9,4,3,9,4,9,3
36,Yes,Travel_Rarely,197,Research & Development,21,3,Technical Degree,1,809,4,Female,50,3,1,Research Scientist,2,Married,7072,3377,8,Y,No,18,3,3,80,0,0,5,3,0,0,0,0
47,No,Travel_Rarely,168,Research & Development,12,2,Technical Degree,1,810,2,Male,75,3,3,Manager,2,Divorced,11587,17408,4,Y,No,17,3,1,80,0,7,6,1,7,6,5,3
30,No,Travel_Rarely,821,Research & Development,12,1,Other,1,811,1,Male,75,3,2,Research Scientist,4,Divorced,6350,9144,0,Y,No,13,3,3,80,3,5,2,3,5,3,3,4
20,No,Travel_Rarely,1209,Research & Development,14,3,Human Resources,1,812,1,Male,65,1,3,Research Director,3,Married,11827,23623,0,Y,No,16,4,2,80,0,2,1,2,2,0,1,2
29,Yes,Travel_Rarely,205,Research & Development,6,5,Other,1,813,4,Male,63,4,1,Manager,2,Divorced,6169,19154,0,Y,No,20,4,2,80,1,2,5,4,2,2,0,2
54,Yes,Travel_Rarely,1253,Research & Development,7,3,Technical Degree,1,814,2,Male,46,3,1,Healthcare Representative,2,Divorced,6071,11881,5,Y,No,13,3,1,80,0,0,3,4,0,0,0,0
23,Yes,Travel_Rarely,443,Sales,29,4,Life Sciences,1,815,3,Female,61,1,2,Sales Executive,2,Single,9626,26101,8,Y,Yes,20,3,3,80,3,5,2,3,1,0,1,0
54,No,Travel_Rarely,975,Research & Development,15,1,Life Sciences,1,816,2,Female,93,3,3,Laboratory Technician,4,Divorced,9341,14250,5,Y,No,14,3,4,80,0,16,2,3,1,0,1,1
43,Yes,Travel_Rarely,722,Research & Development,21,2,Medical,1,817,4,Male,79,1,2,Research Director,1,Single,9168,7839,7,Y,No,15,3,2,80,1,6,2,1,6,6,3,4
20,No,Travel_Rarely,858,Research & Development,8,3,Other,1,818,2,Male,82,3,2,Manufacturing Director,2,Married,11041,9233,3,Y,Yes,21,4,1,80,0,2,6,2,2,0,0,2
24,No,Travel_Rarely,1143,Research & Development,20,3,Marketing,1,819,4,Male,96,3,1,Research Scientist,3,Married,4303,6078,0,Y,No,12,4,2,80,1,0,0,1,0,0,0,0
44,No,Non-Travel,1479,Research & Development,12,3,Human Resources,1,820,1,Male,63,4,2,Manufacturing Director,3,Married,7869,24301,3,Y,No,12,3,4,80,1,8,3,3,2,0,2,1
48,No,Travel_Rarely,331,Research & Development,8,4,Marketing,1,821,4,Male,63,1,3,Research Scientist,3,Divorced,12160,6042,2,Y,No,19,4,3,80,1,14,6,2,0,0,0,0
49,No,Travel_Rarely,307,Research & Development,14,3,Medical,1,822,2,Male,38,1,4,Manufacturing Director,3,Married,13732,22054,9,Y,No,20,4,4,80,0,16,6,3,4,1,4,2
19,No,Travel_Rarely,478,Research & Development,21,3,Medical,1,823,2,Male,71,1,3,Healthcare Representative,3,Married,11139,13412,8,Y,Yes,13,3,1,80,0,1,4,4,0,0,0,0
45,Yes,Travel_Frequently,1456,Research & Development,12,3,Marketing,1,824,1,Male,66,3,2,Healthcare Representative,3,Divorced,9122,9083,2,Y,Yes,15,3,1,80,2,12,0,1,0,0,0,0
47,No,Travel_Rarely,1215,Research & Development,14,2,Marketing,1,825,4,Female,34,3,1,Manufacturing Director,2,Single,4379,5841,0,Y,Yes,24,3,4,80,2,0,2,1,0,0,0,0
38,Yes,Travel_Rarely,767,Research & Development,4,4,Life Sciences,1,826,3,Female,58,2,2,Manufacturing Director,2,Single,9866,11571,4,Y,No,11,3,3,80,1,8,0,1,4,4,3,0
48,No,Travel_Rarely,1386,Sales,21,3,Technical Degree,1,827,1,Male,90,2,1,Manager,4,Divorced,6962,18087,9,Y,No,17,3,3,80,3,3,4,4,3,2,2,0
47,Yes,Travel_Rarely,180,Research & Development,10,4,Life Sciences,1,828,4,Male,67,1,1,Healthcare Representative,1,Married,5927,10836,3,Y,No,16,4,3,80,1,1,4,1,1,1,1,0
19,No,Travel_Rarely,1306,Sales,21,3,Other,1,829,1,Male,30,3,1,Sales Executive,3,Married,4112,7456,1,Y,No,22,4,3,80,2,1,5,1,1,0,1,1
41,Yes,Travel_Frequently,636,Research & Development,9,4,Human Resources,1,830,3,Male,60,1,1,Manufacturing Director,4,Divorced,5330,21034,5,Y,Yes,12,3,2,80,1,0,6,1,0,0,0,0
60,Yes,Travel_Rarely,633,Sales,13,3,Life Sciences,1,831,1,Female,82,1,1,Manager,2,Single,5949,13051,2,Y,Yes,11,4,3,80,1,0,1,1,0,0,0,0
22,No,Travel_Rarely,122,Research & Development,11,4,Human Resources,1,832,2,Female,83,4,3,Research Director,4,Married,9791,2972,0,Y,No,21,3,2,80,2,4,3,2,0,0,0,0
44,No,Travel_Frequently,1001,Sales,13,4,Technical Degree,1,833,1,Male,38,4,1,Sales Executive,4,Married,3915,18351,2,Y,Yes,21,4,2,80,1,1,2,3,1,0,0,0
58,No,Travel_Rarely,309,Research & Development,8,2,Technical Degree,1,834,1,Female,87,1,1,Healthcare Representative,1,Married,6023,12136,7,Y,Yes,22,4,1,80,2,0,1,4,0,0,0,0
45,No,Travel_Rarely,841,Research & Development,24,3,Life Sciences,1,835,3,Female,56,4,1,Manufacturing Director,4,Married,7628,2716,0,Y,Yes,20,4,4,80,3,3,2,1,3,3,3,3
57,Yes,Travel_Rarely,401,Sales,22,3,Medical,1,836,2,Male,67,3,2,Sales Executive,2,Married,5566,6121,1,Y,No,15,4,3,80,1,3,3,1,3,2,0,2
26,No,Travel_Rarely,1438,Research & Development,16,3,Marketing,1,837,2,Male,52,4,2,Healthcare Representative,4,Divorced,9858,5572,4,Y,No,17,3,1,80,0,8,0,1,3,3,2,1
45,No,Non-Travel,888,Sales,25,1,Marketing,1,838,2,Male,75,1,1,Manager,2,Divorced,6401,22366,8,Y,Yes,20,3,1,80,0,6,3,4,6,4,2,4
49,Yes,Travel_Rarely,388,Sales,21,2,Other,1,839,2,Male,33,3,2,Sales Representative,1,Single,8891,15496,9,Y,No,18,4,1,80,1,5,2,2,5,0,2,0
47,No,Travel_Rarely,830,Sales,20,3,Technical Degree,1,840,1,Male,90,1,1,Sales Executive,3,Married,7312,21014,0,Y,Yes,19,3,2,80,1,3,3,4,2,0,1,0
21,No,Travel_Rarely,980,Research & Development,10,2,Marketing,1,841,1,Male,32,1,4,Laboratory Technician,4,Married,13790,23577,4,Y,No,25,3,1,80,1,3,2,4,1,1,0,1
30,No,Non-Travel,813,Research & Development,4,2,Technical Degree,1,842,1,Female,91,2,5,Research Director,4,Married,17591,10556,5,Y,No,11,3,4,80,0,12,1,2,1,1,0,0
24,No,Travel_Rarely,867,Research & Development,6,4,Life Sciences,1,843,2,Male,30,1,3,Manufacturing Director,3,Single,11187,16577,3,Y,No,20,3,4,80,0,6,5,1,2,1,1,2
29,No,Travel_Rarely,288,Research & Development,28,4,Technical Degree,1,844,1,Female,97,1,2,Research Director,2,Single,9495,9152,0,Y,Yes,13,3,3,80,1,4,5,3,3,3,1,3
38,Yes,Travel_Rarely,1191,Research & Development,1,3,Medical,1,845,4,Male,53,3,1,Manager,1,Married,5316,11389,3,Y,Yes,12,3,1,80,1,1,4,1,1,0,1,1
40,No,Non-Travel,1227,Research & Development,4,2,Technical Degree,1,846,4,Male,53,2,1,Research Director,1,Single,8159,24082,3,Y,Yes,17,3,4,80,0,6,3,3,3,3,0,0
21,No,Non-Travel,984,Sales,20,3,Marketing,1,847,4,Female,53,2,1,Manager,2,Divorced,6786,9298,3,Y,Yes,16,3,4,80,0,3,4,1,1,0,0,0
53,No,Non-Travel,1021,Research & Development,12,4,Marketing,1,848,3,Female,49,3,1,Research Director,4,Married,6066,14780,4,Y,No,15,3,2,80,2,3,3,4,2,0,1,1
46,No,Travel_Frequently,662,Sales,11,3,Medical,1,849,4,Male,70,2,1,Sales Executive,4,Single,6265,17473,6,Y,Yes,15,3,2,80,0,7,4,4,0,0,0,0
34,Yes,Non-Travel,1491,Research & Development,28,3,Life Sciences,1,850,3,Male,58,3,2,Research Scientist,1,Single,7739,4221,3,Y,No,11,3,4,80,0,8,5,4,5,5,0,4
49,No,Travel_Rarely,734,Research & Development,16,4,Other,1,851,1,Male,88,2,2,Research Scientist,2,Divorced,6785,23716,9,Y,No,13,3,4,80,0,5,1,2,5,2,4,5
26,No,Travel_Rarely,721,Research & Development,12,2,Other,1,852,1,Male,87,1,2,Manager,3,Divorced,9445,24547,9,Y,No,15,3,4,80,1,1,2,4,1,0,0,1
43,No,Travel_Rarely,1300,Research & Development,4,3,Marketing,1,853,4,Male,36,1,1,Research Director,4,Divorced,5720,10278,9,Y,No,16,3,3,80,1,2,2,3,0,0,0,0
20,No,Non-Travel,158,Sales,16,1,Medical,1,854,1,Male,73,1,2,Sales Executive,3,Divorced,7107,16953,9,Y,No,18,4,4,80,0,2,1,1,2,1,2,1
45,Yes,Travel_Rarely,153,Research & Development,26,2,Other,1,855,1,Female,77,2,1,Laboratory Technician,1,Single,5700,16299,2,Y,No,19,3,4,80,2,6,6,4,0,0,0,0
29,Yes,Travel_Frequently,1467,Research & Development,20,3,Medical,1,856,3,Male,99,3,1,Manufacturing Director,4,Single,5229,5724,3,Y,No,25,3,2,80,1,0,4,2,0,0,0,0
37,No,Travel_Rarely,1383,Research & Development,23,3,Marketing,1,857,2,Male,83,2,2,Laboratory Technician,1,Married,10817,13657,0,Y,No,16,4,1,80,2,6,5,3,0,0,0,0
22,Yes,Travel_Rarely,375,Research & Development,3,2,Technical Degree,1,858,4,Male,56,3,2,Research Scientist,1,Married,6805,20152,6,Y,No,13,3,1,80,0,3,0,2,0,0,0,0
31,No,Travel_Rarely,114,Sales,1,4,Life Sciences,1,859,4,Male,71,4,1,Sales Executive,1,Married,5434,11218,4,Y,No,13,3,4,80,1,3,2,3,0,0,0,0
30,No,Travel_Rarely,1125,Sales,1,1,Life Sciences,1,860,4,Female,53,1,1,Sales Executive,4,Married,6471,26682,9,Y,No,20,3,1,80,1,4,2,2,2,2,2,0
34,No,Travel_Rarely,526,Research & Development,26,1,Other,1,861,2,Male,84,2,1,Healthcare Representative,1,Divorced,6707,10639,9,Y,No,15,3,1,80,0,11,3,1,0,0,0,0
44,No,Travel_Rarely,153,Research & Development,23,2,Marketing,1,862,2,Male,75,2,2,Manager,3,Divorced,7946,14232,0,Y,No,13,3,1,80,0,8,4,1,8,6,7,0
22,No,Travel_Rarely,701,Human Resources,5,1,Other,1,863,3,Male,74,3,1,Human Resources,4,Divorced,6346,25241,8,Y,No,19,3,2,80,0,4,3,4,2,0,2,1
26,Yes,Travel_Rarely,1075,Research & Development,14,4,Marketing,1,864,4,Male,67,4,2,Research Director,2,Divorced,8902,26412,5,Y,No,22,4,4,80,1,8,6,2,4,3,0,4
18,Yes,Travel_Rarely,1162,Research & Development,21,3,Human Resources,1,865,1,Female,84,3,2,Laboratory Technician,3,Married,7883,6906,5,Y,No,13,3,1,80,0,0,4,3,0,0,0,0
55,No,Travel_Rarely,1302,Research & Development,8,3,Medical,1,866,4,Male,71,2,2,Research Director,1,Married,8377,25045,6,Y,No,24,3,2,80,0,3,2,1,0,0,0,0
50,No,Travel_Rarely,312,Research & Development,16,2,Other,1,867,4,Male,82,3,1,Laboratory Technician,3,Divorced,5594,16768,3,Y,No,25,3,1,80,3,4,6,3,0,0,0,0
59,Yes,Travel_Frequently,970,Sales,15,2,Life Sciences,1,868,1,Male,66,4,1,Sales Representative,2,Married,5768,6946,3,Y,Yes,14,4,2,80,1,3,6,4,3,3,1,0
59,No,Travel_Rarely,803,Research & Development,25,3,Marketing,1,869,3,Female,93,3,1,Laboratory Technician,4,Married,6010,3499,7,Y,No,25,3,4,80,1,3,0,1,3,3,3,2
34,No,Travel_Rarely,796,Human Resources,9,2,Life Sciences,1,870,4,Female,69,4,2,Manager,3,Married,7862,5369,0,Y,No,17,3,3,80,1,2,3,2,2,1,0,2
35,No,Travel_Rarely,740,Human Resources,21,3,Human Resources,1,871,4,Female,88,1,3,Manager,3,Divorced,10127,18918,9,Y,No,22,3,4,80,1,8,5,2,0,0,0,0
39,No,Travel_Rarely,503,Research & Development,12,4,Human Resources,1,872,1,Female,85,3,3,Healthcare Representative,1,Married,10780,6407,9,Y,No,20,3,1,80,0,8,2,4,1,1,0,1
43,No,Travel_Frequently,594,Research & Development,18,3,Life Sciences,1,873,1,Female,33,3,1,Manager,4,Single,7322,19312,5,Y,No,21,3,2,80,2,6,5,1,0,0,0,0
58,Yes,Travel_Rarely,459,Research & Development,12,2,Technical Degree,1,874,4,Male,65,3,3,Manager,1,Divorced,13036,9435,2,Y,No,11,3,1,80,2,10,4,3,3,1,1,3
53,No,Non-Travel,995,Sales,5,3,Human Resources,1,875,4,Male,59,3,3,Sales Representative,1,Single,11626,5474,9,Y,Yes,22,4,3,80,1,11,4,2,1,0,0,0
41,No,Travel_Frequently,975,Sales,8,4,Human Resources,1,876,4,Male,66,1,3,Manager,2,Divorced,11842,5016,0,Y,No,22,3,3,80,2,10,6,1,3,0,2,2
45,Yes,Travel_Rarely,150,Sales,3,1,Other,1,877,4,Female,96,1,1,Manager,1,Married,5777,12084,4,Y,No,19,3,3,80,1,10,0,1,8,8,0,8
48,Yes,Non-Travel,631,Research & Development,27,4,Medical,1,878,2,Male,63,4,5,Manager,4,Divorced,16532,25619,2,Y,Yes,15,3,3,80,0,14,2,3,1,1,0,1
55,Yes,Travel_Rarely,1292,Research & Development,16,3,Life Sciences,1,879,4,Male,39,4,1,Manager,1,Married,6865,25391,4,Y,No,24,3,3,80,0,3,2,3,0,0,0,0
47,No,Travel_Frequently,155,Research & Development,16,5,Marketing,1,880,2,Male,46,4,1,Research Scientist,2,Married,6113,23953,5,Y,No,17,3,1,80,1,0,3,3,0,0,0,0
59,No,Travel_Rarely,1014,Sales,3,3,Other,1,881,3,Male,67,3,1,Manager,3,Divorced,8016,17772,4,Y,No,19,3,1,80,0,6,5,3,6,6,6,5
37,No,Non-Travel,1049,Research & Development,5,4,Life Sciences,1,882,3,Female,43,1,1,Manufacturing Director,4,Divorced,5475,7250,7,Y,No,16,3,2,80,2,6,6,4,4,2,1,3
45,Yes,Non-Travel,744,Research & Development,4,3,Other,1,883,3,Male,78,2,2,Laboratory Technician,2,Single,9989,10605,3,Y,Yes,12,3,4,80,1,4,4,4,4,4,1,0
57,No,Travel_Rarely,478,Research & Development,23,3,Technical Degree,1,884,3,Male,46,3,4,Research Director,3,Married,16735,10782,0,Y,Yes,19,3,1,80,1,10,0,4,3,0,3,1
26,No,Travel_Rarely,1428,Research & Development,23,1,Life Sciences,1,885,1,Male,49,4,1,Healthcare Representative,1,Married,3873,24463,5,Y,Yes,12,3,4,80,0,3,2,2,3,0,1,0
30,No,Travel_Rarely,1095,Sales,11,2,Human Resources,1,886,3,Male,90,4,5,Sales Executive,1,Single,15315,11991,6,Y,No,19,3,1,80,0,12,6,2,7,4,5,1
35,No,Travel_Frequently,923,Human Resources,22,5,Other,1,887,3,Female,31,3,2,Human Resources,4,Married,8084,18083,4,Y,No,13,3,1,80,1,7,0,1,5,1,4,1
45,No,Travel_Rarely,1039,Sales,21,3,Technical Degree,1,888,2,Female,97,2,2,Manager,1,Married,9681,7110,4,Y,No,19,3,2,80,0,11,1,4,2,2,2,2
57,No,Travel_Rarely,226,Research & Development,15,4,Medical,1,889,1,Female,76,4,2,Manager,4,Divorced,9765,4645,8,Y,No,19,3,1,80,3,2,3,2,2,0,1,2
33,Yes,Travel_Rarely,858,Research & Development,29,5,Marketing,1,890,4,Male,38,4,1,Laboratory Technician,2,Single,5143,23922,9,Y,No,25,4,4,80,1,5,3,4,3,1,3,1
59,No,Travel_Rarely,791,Research & Development,17,1,Human Resources,1,891,1,Male,75,2,1,Manager,1,Divorced,5436,20752,3,Y,Yes,16,3,4,80,2,1,3,4,1,1,0,1
46,Yes,Travel_Rarely,1098,Research & Development,27,2,Life Sciences,1,892,1,Female,33,3,3,Laboratory Technician,2,Divorced,11901,19719,3,Y,Yes,12,3,1,80,1,6,2,3,1,0,1,1
46,No,Travel_Rarely,756,Research & Development,21,4,Marketing,1,893,3,Male,48,3,2,Research Scientist,1,Married,8306,21047,7,Y,No,21,4,3,80,2,0,3,1,0,0,0,0
26,No,Travel_Rarely,1345,Research & Development,16,2,Human Resources,1,894,4,Male,34,3,1,Manufacturing Director,4,Married,6669,11952,7,Y,No,25,4,1,80,0,4,1,3,4,0,3,1
29,No,Travel_Rarely,417,Research & Development,20,3,Other,1,895,4,Male,77,3,2,Manager,4,Married,7376,17849,0,Y,No,19,3,1,80,0,5,6,1,3,0,0,3
41,No,Travel_Rarely,817,Research & Development,24,3,Human Resources,1,896,4,Male,36,2,2,Research Director,2,Divorced,10633,22089,4,Y,Yes,14,3,1,80,2,6,1,1,1,0,0,1
37,Yes,Travel_Rarely,907,Research & Development,29,1,Other,1,897,2,Male,73,4,3,Healthcare Representative,3,Married,9720,20706,2,Y,No,12,3,1,80,0,7,2,1,5,2,5,2
52,No,Travel_Frequently,837,Research & Development,29,2,Marketing,1,898,1,Male,76,1,2,Laboratory Technician,3,Married,9888,26062,0,Y,No,25,3,3,80,0,4,1,3,2,0,0,0
56,Yes,Travel_Rarely,147,Research & Development,8,4,Medical,1,899,2,Female,84,2,1,Research Scientist,1,Divorced,5250,21087,7,Y,Yes,19,3,4,80,1,3,5,1,0,0,0,0
53,No,Travel_Rarely,1049,Sales,19,4,Technical Degree,1,900,3,Male,97,4,3,Sales Executive,1,Divorced,13550,13200,2,Y,Yes,25,3,1,80,1,8,3,1,3,3,1,3
54,No,Non-Travel,755,Research & Development,24,2,Human Resources,1,901,2,Female,70,1,1,Research Scientist,3,Married,5652,20631,9,Y,Yes,22,4,2,80,0,6,2,1,1,0,0,1
41,No,Travel_Rarely,1176,Research & Development,18,4,Human Resources,1,902,4,Male,75,2,2,Manufacturing Director,4,Married,8980,16545,6,Y,Yes,19,3,3,80,1,3,3,2,3,3,0,0
54,No,Travel_Rarely,264,Sales,16,3,Other,1,903,4,Female,65,4,1,Sales Executive,2,Divorced,7012,3795,6,Y,No,17,3,1,80,1,5,4,2,5,5,3,1
18,No,Travel_Rarely,1278,Research & Development,5,3,Medical,1,904,2,Female,80,4,3,Manufacturing Director,3,Married,11751,4133,9,Y,Yes,23,3,2,80,0,0,1,1,0,0,0,0
41,Yes,Travel_Frequently,414,Sales,28,2,Technical Degree,1,905,1,Female,84,2,2,Manager,1,Divorced,8026,20154,0,Y,Yes,13,4,4,80,2,4,4,3,2,1,0,0
54,No,Travel_Rarely,552,Research & Development,7,1,Life Sciences,1,906,2,Male,39,4,2,Research Scientist,4,Single,8699,7822,5,Y,No,24,3,1,80,1,6,1,3,6,3,6,6
57,No,Travel_Frequently,370,Research & Development,1,3,Technical Degree,1,907,3,Female,34,1,3,Healthcare Representative,3,Married,11349,7077,9,Y,No,12,4,3,80,1,6,3,2,0,0,0,0
20,No,Travel_Frequently,1443,Research & Development,21,1,Other,1,908,2,Female,85,3,1,Research Scientist,3,Married,7193,15515,0,Y,No,13,3,4,80,3,0,1,3,0,0,0,0
41,No,Travel_Frequently,1140,Research & Development,16,4,Medical,1,909,4,Male,32,1,1,Research Scientist,4,Single,4033,21829,8,Y,No,25,3,4,80,0,2,6,2,2,1,2,0
29,Yes,Travel_Rarely,424,Research & Development,23,3,Technical Degree,1,910,1,Male,34,1,1,Research Scientist,1,Divorced,9382,20113,0,Y,No,22,4,3,80,1,7,3,2,6,6,5,6
60,No,Travel_Rarely,1127,Sales,10,5,Marketing,1,911,1,Male,54,1,2,Sales Executive,4,Married,9999,18734,4,Y,No,18,3,4,80,1,8,4,2,2,2,1,0
35,No,Travel_Rarely,212,Research & Development,5,3,Life Sciences,1,912,4,Female,92,2,5,Manager,4,Married,17475,23715,1,Y,No,16,4,3,80,1,17,0,1,10,0,3,7
52,Yes,Travel_Rarely,1348,Research & Development,9,2,Marketing,1,913,2,Female,72,2,1,Healthcare Representative,3,Married,7196,6179,5,Y,Yes,25,4,2,80,0,5,5,4,0,0,0,0
54,No,Non-Travel,198,Research & Development,27,3,Life Sciences,1,914,3,Male,76,2,2,Healthcare Representative,2,Married,7495,8074,5,Y,No,15,3,4,80,1,7,5,4,2,1,0,1
31,No,Travel_Rarely,664,Research & Development,9,3,Medical,1,915,4,Female,92,1,1,Healthcare Representative,2,Married,5471,5163,6,Y,No,18,4,2,80,0,8,2,4,1,0,0,0
34,No,Travel_Rarely,522,Research & Development,11,4,Technical Degree,1,916,1,Male,70,3,2,Manager,3,Divorced,7919,3465,0,Y,No,25,3,1,80,1,6,0,4,6,4,0,0
21,No,Travel_Frequently,405,Research & Development,27,3,Other,1,917,4,Female,59,4,3,Research Director,3,Single,10676,20794,5,Y,No,21,3,2,80,1,3,4,3,2,0,2,2
50,Yes,Travel_Rarely,1332,Sales,4,4,Other,1,918,4,Female,49,3,5,Sales Representative,4,Single,14984,6489,3,Y,Yes,15,4,4,80,3,20,1,2,0,0,0,0
49,Yes,Travel_Rarely,1061,Sales,3,2,Medical,1,919,1,Male,43,2,2,Manager,2,Married,8520,7764,2,Y,Yes,17,3,4,80,0,8,5,1,5,3,5,4
39,No,Travel_Rarely,809,Research & Development,21,1,Technical Degree,1,920,4,Male,78,1,2,Healthcare Representative,4,Single,8230,18419,1,Y,No,23,3,3,80,1,9,5,4,5,4,5,4
45,No,Non-Travel,803,Sales,27,4,Medical,1,921,3,Male,99,3,2,Manager,3,Married,11932,10031,9,Y,No,24,3,2,80,0,7,5,3,3,3,0,3
31,No,Travel_Rarely,1115,Sales,27,3,Other,1,922,4,Male,82,3,2,Sales Representative,2,Single,8045,18640,3,Y,No,21,3,3,80,0,10,4,1,6,4,5,5
46,No,Travel_Rarely,398,Sales,8,3,Life Sciences,1,923,4,Male,48,2,2,Sales Representative,4,Married,7276,17529,6,Y,No,23,3,1,80,1,7,6,4,1,1,1,1
25,No,Travel_Rarely,320,Research & Development,4,3,Marketing,1,924,3,Male,89,3,1,Research Director,4,Married,6082,12364,2,Y,No,13,3,4,80,0,6,2,1,1,0,1,0
18,No,Travel_Rarely,550,Research & Development,17,1,Medical,1,925,2,Male,33,3,5,Research Director,2,Married,16377,22086,7,Y,Yes,25,3,3,80,1,0,3,4,0,0,0,0
44,No,Travel_Rarely,584,Research & Development,23,2,Medical,1,926,1,Male,95,3,1,Healthcare Representative,1,Single,4223,19336,8,Y,No,21,3,1,80,1,1,1,3,1,1,0,1
30,No,Travel_Rarely,315,Research & Development,15,1,Technical Degree,1,927,2,Female,42,4,1,Manager,3,Divorced,5800,25171,0,Y,Yes,23,3,1,80,2,2,6,2,0,0,0,0
48,Yes,Travel_Rarely,1349,Research & Development,7,4,Medical,1,928,1,Male,32,4,2,Research Director,1,Single,8389,22435,2,Y,Yes,18,3,2,80,1,12,0,3,0,0,0,0
44,Yes,Travel_Rarely,1089,Sales,21,3,Technical Degree,1,929,3,Female,85,3,2,Manager,2,Married,6975,10122,1,Y,No,20,3,4,80,1,8,0,1,8,4,2,0
44,No,Travel_Rarely,535,Research & Development,13,2,Human Resources,1,930,4,Male,31,4,1,Research Scientist,3,Married,5151,17207,1,Y,No,22,3,1,80,1,3,1,1,3,0,1,3
40,No,Travel_Rarely,257,Research & Development,4,3,Other,1,931,2,Male,50,4,1,Manufacturing Director,3,Married,4973,24117,3,Y,No,22,3,1,80,0,1,2,1,1,1,0,0
21,No,Travel_Rarely,1352,Sales,4,4,Marketing,1,932,2,Male,63,2,1,Sales Executive,1,Single,6098,13032,0,Y,No,15,4,3,80,0,1,6,2,1,0,1,1
37,No,Travel_Rarely,1115,Sales,22,2,Medical,1,933,3,Male,70,1,5,Sales Executive,4,Divorced,16942,25632,3,Y,Yes,17,3,1,80,1,14,0,3,0,0,0,0
55,No,Travel_Frequently,703,Sales,29,2,Technical Degree,1,934,1,Female,99,3,2,Sales Executive,3,Single,9532,14137,5,Y,No,13,4,2,80,0,7,1,1,1,0,1,0
39,Yes,Non-Travel,1235,Sales,18,3,Other,1,935,1,Male,52,3,2,Sales Representative,1,Married,6472,14812,2,Y,Yes,13,3,4,80,0,7,2,2,7,0,7,2
46,Yes,Travel_Frequently,1135,Research & Development,21,1,Marketing,1,936,1,Female,66,2,1,Laboratory Technician,1,Married,4016,15067,4,Y,Yes,23,3,1,80,0,4,2,3,4,1,2,0
49,No,Travel_Rarely,964,Sales,11,3,Other,1,937,3,Male,97,4,3,Manager,4,Married,8812,11441,4,Y,No,18,4,2,80,1,11,0,3,0,0,0,0
35,No,Travel_Rarely,222,Sales,27,3,Other,1,938,4,Female,60,3,5,Manager,4,Married,16760,14236,9,Y,No,13,3,2,80,2,17,5,1,3,0,2,2
49,Yes,Travel_Rarely,1044,Research & Development,25,2,Other,1,939,4,Male,38,2,1,Research Director,2,Divorced,4412,18484,2,Y,Yes,14,3,4,80,2,2,2,4,2,2,0,2
35,No,Non-Travel,306,Research & Development,10,2,Technical Degree,1,940,4,Male,95,2,2,Healthcare Representative,4,Single,9439,24651,9,Y,No,17,3,1,80,0,7,2,4,0,0,0,0
56,Yes,Non-Travel,951,Research & Development,17,3,Marketing,1,941,4,Male,43,3,1,Laboratory Technician,3,Single,4276,13573,4,Y,Yes,15,3,2,80,0,0,6,4,0,0,0,0
47,No,Travel_Rarely,1219,Research & Development,2,3,Marketing,1,942,1,Female,51,1,2,Research Director,1,Divorced,8449,9394,4,Y,No,22,3,2,80,1,13,2,4,1,0,1,0
51,No,Non-Travel,443,Research & Development,26,2,Technical Degree,1,943,2,Male,47,4,2,Research Scientist,4,Single,8858,3756,5,Y,Yes,21,4,1,80,1,6,5,1,0,0,0,0
21,No,Travel_Rarely,952,Research & Development,16,2,Human Resources,1,944,1,Male,97,2,2,Manager,3,Single,9953,26098,0,Y,No,12,3,1,80,1,3,4,2,0,0,0,0
34,No,Travel_Rarely,856,Research & Development,3,2,Life Sciences,1,945,3,Male,58,3,3,Healthcare Representative,2,Single,12049,2965,8,Y,No,11,3,4,80,1,11,2,2,6,4,4,0
27,No,Travel_Frequently,1436,Research & Development,7,4,Medical,1,946,3,Male,69,4,1,Healthcare Representative,3,Single,4841,23719,1,Y,No,17,3,4,80,0,6,6,3,6,1,3,3
34,No,Travel_Rarely,1486,Sales,1,2,Marketing,1,947,3,Male,43,2,1,Sales Representative,2,Married,5159,6179,7,Y,No,20,4,3,80,1,5,3,3,5,5,0,2
50,Yes,Travel_Rarely,600,Research & Development,6,1,Medical,1,948,1,Male,75,2,2,Research Scientist,2,Married,10442,16068,7,Y,No,23,3,1,80,1,4,5,3,4,3,1,4
32,Yes,Travel_Rarely,680,Sales,15,3,Other,1,949,1,Female,96,1,1,Manager,3,Single,5896,18390,6,Y,Yes,17,4,3,80,2,4,3,4,0,0,0,0
35,No,Travel_Frequently,1475,Research & Development,12,3,Marketing,1,950,2,Female,88,2,5,Healthcare Representative,4,Single,15322,14533,5,Y,No,22,4,1,80,3,17,2,4,3,0,2,3
43,No,Travel_Rarely,648,Research & Development,3,3,Life Sciences,1,951,4,Female,79,3,2,Manager,2,Single,9640,3077,7,Y,No,21,3,4,80,0,9,4,1,9,9,4,6
49,No,Travel_Rarely,1346,Research & Development,12,4,Human Resources,1,952,3,Male,58,3,5,Manager,4,Divorced,16187,18428,9,Y,No,19,4,3,80,1,12,4,1,9,3,8,0
27,No,Travel_Rarely,1342,Research & Development,16,4,Technical Degree,1,953,2,Female,97,4,2,Research Director,3,Married,7253,11606,1,Y,No,22,3,1,80,0,2,2,3,0,0,0,0
48,No,Travel_Rarely,613,Research & Development,25,3,Other,1,954,4,Female,77,3,1,Manager,4,Single,6673,17638,0,Y,No,15,3,1,80,0,3,1,3,1,0,0,0
50,No,Travel_Rarely,178,Human Resources,3,2,Medical,1,955,1,Female,66,1,2,Manager,1,Single,7553,7385,5,Y,Yes,20,3,4,80,1,6,5,2,6,4,6,3
38,No,Travel_Rarely,936,Research & Development,9,3,Other,1,956,3,Female,94,2,5,Research Scientist,3,Single,16444,6970,5,Y,Yes,23,3,4,80,2,19,0,3,2,2,2,2
42,No,Non-Travel,965,Sales,16,3,Other,1,957,2,Female,30,4,2,Manager,2,Married,8791,24477,5,Y,No,18,3,1,80,2,10,4,1,2,1,0,0
38,No,Non-Travel,869,Sales,4,1,Medical,1,958,3,Male,39,3,2,Manager,4,Married,8609,25785,4,Y,No,17,3,3,80,1,5,1,3,0,0,0,0
54,Yes,Non-Travel,891,Research & Development,19,4,Medical,1,959,4,Male,93,3,1,Research Scientist,2,Single,6215,16482,6,Y,Yes,15,3,1,80,3,2,5,4,2,1,2,1
51,Yes,Travel_Frequently,336,Sales,18,2,Other,1,960,1,Female,71,3,2,Manager,2,Divorced,7661,13707,4,Y,Yes,20,3,4,80,0,7,2,1,6,3,1,5
23,Yes,Non-Travel,1123,Sales,15,4,Other,1,961,3,Female,99,3,1,Sales Executive,1,Married,6740,21212,3,Y,Yes,18,3,3,80,0,2,2,3,1,0,1,1
19,No,Travel_Rarely,921,Research & Development,27,3,Human Resources,1,962,1,Female,62,2,3,Manager,3,Single,10481,24694,7,Y,No,15,4,2,80,0,1,3,2,1,1,0,0
48,Yes,Travel_Frequently,397,Research & Development,3,4,Life Sciences,1,963,2,Male,40,4,3,Laboratory Technician,3,Divorced,10903,24226,8,Y,No,22,3,2,80,0,8,2,3,1,0,1,1
41,Yes,Travel_Rarely,239,Research & Development,28,3,Marketing,1,964,3,Female,67,1,2,Research Director,1,Single,8776,17845,1,Y,No,11,3,2,80,0,4,3,4,4,3,1,2
56,No,Travel_Rarely,1202,Research & Development,11,2,Medical,1,965,1,Female,69,1,2,Research Scientist,1,Single,9699,13187,7,Y,No,17,3,1,80,1,7,0,4,7,3,0,7
42,No,Travel_Frequently,1045,Research & Development,26,4,Other,1,966,2,Female,97,3,2,Research Director,2,Married,8892,9309,0,Y,Yes,16,4,4,80,1,11,1,3,0,0,0,0
48,No,Travel_Frequently,1275,Research & Development,5,4,Life Sciences,1,967,2,Male,81,4,1,Manager,1,Married,5656,5285,4,Y,Yes,15,3,3,80,1,3,5,1,3,1,1,1
55,Yes,Travel_Frequently,1464,Research & Development,13,3,Medical,1,968,3,Female,73,1,1,Research Scientist,4,Single,3778,20097,6,Y,Yes,19,3,4,80,0,1,0,4,1,0,0,1
49,No,Travel_Rarely,369,Research & Development,25,1,Life Sciences,1,969,3,Female,56,2,3,Laboratory Technician,2,Married,12104,6895,2,Y,No,25,3,3,80,1,7,1,1,2,1,2,0
56,No,Travel_Rarely,653,Sales,6,3,Human Resources,1,970,2,Male,53,3,2,Sales Representative,4,Single,9499,19671,4,Y,Yes,18,3,1,80,0,5,2,2,0,0,0,0
27,No,Travel_Frequently,1032,Research & Development,3,4,Human Resources,1,971,4,Male,56,1,1,Manager,4,Married,6245,7792,0,Y,No,12,3,4,80,0,3,1,1,3,2,3,3
52,No,Travel_Rarely,1484,Sales,26,3,Technical Degree,1,972,4,Male,59,4,4,Sales Representative,4,Married,14182,6486,3,Y,Yes,13,3,3,80,1,16,6,3,3,2,3,3
42,No,Travel_Frequently,288,Research & Development,12,4,Medical,1,973,1,Male,71,2,1,Research Director,2,Married,5600,9725,3,Y,No,14,3,4,80,0,3,6,4,1,1,0,1
60,No,Travel_Rarely,560,Sales,11,3,Other,1,974,3,Female,57,2,2,Sales Executive,4,Single,8915,26451,0,Y,No,12,4,3,80,0,6,2,4,4,2,0,3
36,No,Travel_Rarely,950,Research & Development,8,4,Marketing,1,975,3,Male,86,3,3,Healthcare Representative,3,Married,13174,22733,0,Y,No,25,3,3,80,0,9,0,4,2,2,2,1
20,Yes,Travel_Frequently,1345,Sales,21,4,Medical,1,976,1,Male,38,3,1,Sales Executive,1,Divorced,7138,7444,1,Y,No,20,3,2,80,3,2,2,1,1,1,0,0
57,No,Travel_Rarely,481,Research & Development,18,4,Life Sciences,1,977,3,Male,67,4,3,Healthcare Representative,3,Divorced,11905,19258,5,Y,No,20,3,4,80,1,11,4,1,5,0,4,4
46,No,Non-Travel,862,Research & Development,7,3,Human Resources,1,978,3,Male,76,3,3,Healthcare Representative,1,Married,11545,17541,0,Y,No,23,3,3,80,2,8,4,4,1,1,1,0
38,No,Travel_Rarely,497,Research & Development,22,2,Human Resources,1,979,2,Female,62,2,2,Laboratory Technician,1,Married,7550,23213,3,Y,Yes,19,4,3,80,1,4,3,3,2,0,0,0
27,No,Travel_Frequently,1056,Research & Development,12,1,Human Resources,1,980,3,Male,86,3,2,Healthcare Representative,3,Married,7624,24748,5,Y,No,18,3,2,80,0,5,2,1,1,0,1,1
38,No,Travel_Frequently,728,Sales,29,1,Other,1,981,4,Male,69,4,5,Sales Representative,3,Single,16837,6466,2,Y,No,24,3,4,80,0,20,2,4,4,1,3,2
39,No,Travel_Rarely,1223,Research & Development,13,1,Marketing,1,982,4,Female,89,3,1,Research Scientist,2,Single,8243,10515,2,Y,No,11,3,3,80,0,2,3,1,2,2,2,0
35,No,Travel_Rarely,805,Research & Development,14,3,Other,1,983,1,Male,81,3,2,Research Scientist,1,Divorced,10803,18727,5,Y,No,23,3,4,80,3,4,3,2,4,0,1,2
34,No,Travel_Rarely,1285,Research & Development,28,3,Other,1,984,3,Male,48,1,2,Manager,3,Married,8095,13232,5,Y,No,22,3,1,80,0,10,5,3,2,2,1,2
34,No,Non-Travel,1427,Research & Development,2,4,Medical,1,985,4,Female,49,1,1,Research Scientist,1,Single,4951,14602,9,Y,No,13,3,4,80,1,1,2,1,1,0,0,0
48,No,Travel_Rarely,454,Human Resources,2,2,Marketing,1,986,4,Female,58,3,3,Manager,2,Married,11035,2415,4,Y,No,12,3,4,80,1,6,1,1,6,0,3,5
48,No,Travel_Rarely,1014,Research & Development,2,3,Technical Degree,1,987,4,Female,41,2,2,Research Scientist,4,Married,5792,9248,3,Y,No,21,4,2,80,1,2,5,1,0,0,0,0
37,No,Travel_Frequently,1444,Sales,9,1,Technical Degree,1,988,4,Male,71,2,2,Manager,3,Single,7463,10933,6,Y,Yes,19,3,1,80,2,8,2,2,3,1,3,2
55,Yes,Travel_Rarely,642,Research & Development,13,3,Marketing,1,989,1,Male,55,4,2,Manufacturing Director,1,Single,9878,6735,7,Y,No,23,3,2,80,1,10,0,3,0,0,0,0
56,No,Travel_Rarely,604,Research & Development,27,4,Human Resources,1,990,3,Female,95,3,3,Manufacturing Director,2,Married,11520,20861,3,Y,No,12,4,3,80,2,17,1,2,4,1,4,0
56,No,Travel_Rarely,273,Human Resources,1,3,Human Resources,1,991,1,Female,30,3,2,Manager,1,Single,8670,3976,3,Y,No,24,3,1,80,2,7,0,3,7,3,1,6
28,No,Non-Travel,997,Research & Development,14,4,Human Resources,1,992,2,Male,45,1,2,Manufacturing Director,3,Single,9733,13549,0,Y,Yes,11,3,2,80,1,4,2,4,1,0,0,1
48,No,Non-Travel,335,Sales,4,4,Other,1,993,1,Male,68,4,1,Sales Executive,3,Married,8214,5776,2,Y,No,23,3,2,80,0,1,1,1,1,0,1,0
25,No,Travel_Rarely,121,Human Resources,2,1,Other,1,994,3,Male,57,2,1,Manager,4,Single,2722,16296,4,Y,No,13,3,1,80,0,0,0,1,0,0,0,0
56,No,Travel_Rarely,779,Research & Development,26,5,Marketing,1,995,2,Male,53,2,2,Research Director,3,Single,8617,23191,2,Y,No,22,3,1,80,0,0,2,4,0,0,0,0
47,Yes,Travel_Rarely,518,Research & Development,27,3,Medical,1,996,1,Male,50,4,3,Manager,2,Single,10095,14832,3,Y,Yes,13,3,4,80,3,11,2,2,0,0,0,0
43,No,Travel_Rarely,500,Sales,28,4,Medical,1,997,3,Female,83,1,1,Manager,4,Divorced,4326,21730,5,Y,No,18,3,2,80,0,0,1,1,0,0,0,0
59,Yes,Travel_Rarely,975,Research & Development,7,3,Marketing,1,998,1,Male,89,3,2,Laboratory Technician,1,Divorced,10353,15860,0,Y,Yes,17,3,3,80,0,4,1,2,4,0,4,0
31,No,Travel_Frequently,559,Research & Development,9,4,Medical,1,999,2,Male,58,4,2,Manager,3,Single,9721,18721,5,Y,No,13,3,1,80,0,7,6,4,1,0,1,0
44,No,Non-Travel,839,Research & Development,4,2,Marketing,1,1000,3,Female,47,4,2,Laboratory Technician,1,Divorced,8003,5434,8,Y,No,15,3,4,80,0,3,3,2,3,3,3,3
41,No,Travel_Rarely,1454,Research & Development,12,3,Technical Degree,1,1001,4,Female,58,4,1,Research Scientist,2,Married,5057,5848,9,Y,Yes,20,3,2,80,1,2,5,3,2,2,0,1
32,No,Travel_Rarely,799,Sales,21,1,Technical Degree,1,1002,2,Female,94,3,1,Sales Executive,3,Married,6068,4513,4,Y,No,15,3,2,80,0,3,4,2,3,0,3,1
22,Yes,Travel_Rarely,1230,Research & Development,24,4,Other,1,1003,4,Male,32,1,2,Manufacturing Director,3,Divorced,6589,5823,4,Y,No,11,3,1,80,0,4,3,4,2,0,2,2
38,Yes,Non-Travel,330,Research & Development,19,3,Marketing,1,1004,3,Female,48,4,3,Manager,2,Single,12885,13655,0,Y,No,25,4,4,80,0,9,0,3,9,4,1,4
48,No,Travel_Rarely,913,Research & Development,10,1,Medical,1,1005,2,Female,59,4,4,Healthcare Representative,4,Married,15717,19396,3,Y,No,13,3,2,80,1,13,1,1,3,3,2,3
46,No,Travel_Rarely,1220,Human Resources,6,3,Marketing,1,1006,3,Female,54,4,5,Human Resources,4,Divorced,16284,2919,7,Y,No,17,3,2,80,1,25,1,4,2,2,1,0
27,Yes,Travel_Rarely,606,Sales,18,2,Other,1,1007,4,Male,86,1,2,Sales Representative,1,Married,9798,23856,2,Y,No,19,4,1,80,1,9,3,1,1,0,1,1
24,No,Travel_Rarely,419,Research & Development,4,5,Life Sciences,1,1008,1,Male,87,3,3,Manager,2,Single,10787,12795,6,Y,No,21,3,1,80,1,6,2,4,4,2,1,4
49,Yes,Travel_Rarely,301,Sales,17,3,Life Sciences,1,1009,3,Male,69,2,2,Manager,1,Single,9571,4379,0,Y,No,17,3,2,80,1,5,3,3,5,3,2,2
46,No,Travel_Rarely,1450,Sales,27,2,Human Resources,1,1010,4,Female,77,3,2,Sales Representative,2,Single,7189,10196,2,Y,No,15,3,4,80,0,10,1,2,4,3,0,4
24,Yes,Travel_Rarely,131,Sales,7,3,Technical Degree,1,1011,3,Male,49,1,1,Sales Executive,2,Single,7295,8520,8,Y,No,24,3,3,80,1,4,2,4,4,1,0,2
36,No,Travel_Rarely,349,Research & Development,12,1,Other,1,1012,4,Male,92,2,2,Laboratory Technician,1,Single,6886,25728,7,Y,No,12,3,3,80,2,9,6,4,5,1,5,0
34,No,Travel_Rarely,930,Research & Development,14,4,Other,1,1013,2,Male,41,2,2,Manufacturing Director,3,Single,9486,18362,9,Y,No,21,3,4,80,1,11,0,2,0,0,0,0
53,No,Travel_Rarely,1295,Research & Development,26,3,Technical Degree,1,1014,1,Male,30,4,3,Manufacturing Director,2,Divorced,13891,11316,9,Y,No,16,3,2,80,1,8,1,3,6,1,4,5
49,No,Travel_Rarely,381,Research & Development,17,4,Medical,1,1015,2,Female,59,4,2,Laboratory Technician,3,Married,9984,23651,2,Y,No,21,3,4,80,1,7,6,1,7,0,7,0
42,No,Travel_Rarely,1325,Research & Development,11,1,Marketing,1,1016,2,Male,99,1,2,Manufacturing Director,2,Single,10334,25862,1,Y,No,15,4,2,80,1,9,2,2,4,1,2,2
37,No,Travel_Rarely,846,Sales,27,3,Human Resources,1,1017,4,Male,81,1,4,Manager,1,Single,13514,9480,8,Y,No,19,3,4,80,0,6,1,2,6,2,4,1
26,Yes,Travel_Rarely,898,Research & Development,23,3,Other,1,1018,1,Male,59,4,1,Research Scientist,2,Married,6853,3357,6,Y,Yes,16,3,4,80,1,0,0,1,0,0,0,0
38,Yes,Travel_Frequently,1357,Research & Development,25,2,Medical,1,1019,1,Female,44,1,2,Manufacturing Director,1,Divorced,7519,19322,4,Y,Yes,11,3,2,80,0,6,4,1,0,0,0,0
47,No,Travel_Rarely,1332,Research & Development,28,3,Marketing,1,1020,3,Male,86,3,1,Manufacturing Director,2,Married,4096,23499,6,Y,No,16,3,3,80,1,0,3,1,0,0,0,0
19,No,Travel_Rarely,718,Sales,27,2,Human Resources,1,1021,4,Male,94,1,1,Sales Representative,3,Married,5152,7788,1,Y,Yes,25,3,4,80,1,0,0,4,0,0,0,0
31,No,Travel_Rarely,372,Research & Development,25,2,Marketing,1,1022,3,Male,87,1,2,Manufacturing Director,4,Single,9133,23984,6,Y,No,14,3,3,80,0,6,4,3,6,6,3,2
30,No,Travel_Rarely,128,Research & Development,24,4,Marketing,1,1023,3,Male,72,2,1,Manager,1,Divorced,4292,13203,0,Y,No,16,4,1,80,3,5,0,2,5,3,2,1
48,Yes,Travel_Rarely,1475,Research & Development,5,1,Life Sciences,1,1024,4,Male,41,1,1,Manager,2,Married,5766,18940,3,Y,Yes,14,3,2,80,1,3,0,1,0,0,0,0
57,No,Non-Travel,261,Research & Development,21,4,Medical,1,1025,4,Male,84,2,5,Healthcare Representative,1,Married,15761,13094,5,Y,No,16,3,2,80,1,10,4,1,1,0,1,1
18,No,Travel_Rarely,800,Research & Development,20,3,Life Sciences,1,1026,3,Male,99,4,2,Healthcare Representative,4,Divorced,9951,6817,2,Y,No,24,3,1,80,1,0,2,4,0,0,0,0
54,No,Travel_Rarely,746,Research & Development,19,1,Medical,1,1027,3,Female,98,4,4,Laboratory Technician,3,Married,13326,16101,5,Y,No,14,3,3,80,0,10,2,1,9,3,5,4
45,No,Travel_Frequently,1100,Sales,11,1,Human Resources,1,1028,3,Male,51,3,3,Sales Executive,1,Divorced,13033,9291,6,Y,No,14,3,2,80,1,9,1,1,2,2,0,2
22,No,Travel_Rarely,705,Research & Development,20,3,Marketing,1,1029,2,Female,83,4,1,Laboratory Technician,2,Married,8129,11201,3,Y,No,11,3,2,80,1,1,6,4,1,1,0,0
54,No,Travel_Rarely,709,Research & Development,5,4,Other,1,1030,4,Male,47,2,2,Laboratory Technician,3,Single,9888,13766,6,Y,No,18,3,2,80,0,8,2,3,4,1,1,2
20,Yes,Non-Travel,488,Sales,14,3,Life Sciences,1,1031,1,Female,67,1,5,Sales Representative,1,Divorced,17890,20368,8,Y,No,21,3,4,80,0,2,3,3,2,2,1,0
56,Yes,Travel_Rarely,334,Research & Development,4,3,Marketing,1,1032,2,Male,81,1,2,Research Director,1,Married,8775,11315,6,Y,Yes,20,3,4,80,3,6,4,4,2,1,0,1
28,Yes,Travel_Rarely,434,Sales,1,3,Other,1,1033,4,Male,76,4,2,Sales Executive,2,Married,9616,7036,2,Y,Yes,14,3,3,80,1,9,2,2,1,1,1,1
40,No,Travel_Rarely,566,Research & Development,19,2,Other,1,1034,1,Male,79,2,1,Research Director,1,Divorced,4362,7515,7,Y,No,21,3,2,80,1,4,4,1,3,3,0,1
20,No,Travel_Rarely,613,Research & Development,12,3,Marketing,1,1035,4,Female,68,1,5,Manager,1,Married,16361,19849,8,Y,No,13,3,4,80,1,2,0,1,1,0,1,0
45,Yes,Travel_Rarely,412,Research & Development,11,1,Medical,1,1036,3,Male,74,3,1,Research Director,1,Divorced,6509,7709,4,Y,No,22,3,1,80,0,4,3,4,4,0,4,1
18,No,Travel_Rarely,1323,Sales,14,3,Life Sciences,1,1037,4,Female,93,4,2,Sales Representative,1,Single,9308,22680,1,Y,No,17,3,2,80,1,0,2,1,0,0,0,0
47,No,Travel_Rarely,1355,Research & Development,2,3,Life Sciences,1,1038,3,Female,84,3,1,Healthcare Representative,3,Single,7639,20696,9,Y,No,21,3,4,80,2,0,6,1,0,0,0,0
18,Yes,Travel_Rarely,1015,Sales,12,3,Other,1,1039,3,Male,79,3,1,Manager,2,Married,7200,10561,7,Y,No,12,3,2,80,1,0,4,1,0,0,0,0
39,No,Travel_Rarely,444,Research & Development,5,3,Human Resources,1,1040,4,Female,58,3,1,Research Scientist,3,Single,5627,20886,1,Y,No,14,3,1,80,1,0,6,1,0,0,0,0
18,No,Travel_Rarely,582,Sales,28,4,Marketing,1,1041,3,Male,84,3,2,Sales Representative,3,Married,8675,6433,4,Y,No,11,4,3,80,0,0,6,4,0,0,0,0
19,No,Travel_Rarely,388,Sales,4,4,Other,1,1042,4,Male,98,1,1,Sales Executive,4,Single,5110,20862,8,Y,No,20,4,3,80,1,1,3,4,0,0,0,0
58,No,Travel_Rarely,1049,Research & Development,16,5,Marketing,1,1043,4,Female,98,2,1,Laboratory Technician,4,Married,5130,10666,8,Y,No,16,3,3,80,1,0,6,4,0,0,0,0
51,No,Travel_Rarely,426,Research & Development,16,1,Other,1,1044,4,Male,67,2,3,Research Director,4,Divorced,10506,13898,2,Y,No,19,3,2,80,2,14,6,3,8,2,0,7
41,Yes,Travel_Frequently,557,Sales,8,3,Human Resources,1,1045,4,Female,63,4,1,Sales Representative,1,Single,5520,11904,8,Y,No,13,4,3,80,1,6,6,4,1,0,1,1
41,Yes,Travel_Rarely,1004,Research & Development,9,2,Human Resources,1,1046,2,Male,94,2,5,Research Scientist,1,Single,14647,2117,2,Y,No,15,4,4,80,1,15,0,2,1,0,0,1
47,Yes,Travel_Rarely,1213,Sales,3,4,Medical,1,1047,3,Male,72,2,2,Manager,2,Single,11087,12417,2,Y,Yes,20,3,4,80,1,6,5,2,3,0,1,2
40,No,Travel_Frequently,121,Research & Development,17,4,Marketing,1,1048,4,Male,71,3,5,Research Director,3,Married,18764,21525,4,Y,No,18,3,2,80,1,19,2,2,0,0,0,0
25,No,Travel_Rarely,439,Research & Development,16,4,Technical Degree,1,1049,2,Female,42,2,2,Laboratory Technician,4,Divorced,7399,3181,0,Y,No,19,4,1,80,0,7,5,1,0,0,0,0
54,Yes,Travel_Rarely,406,Research & Development,17,3,Human Resources,1,1050,2,Male,86,4,1,Manager,2,Single,5818,20808,9,Y,Yes,24,3,2,80,0,1,4,3,0,0,0,0
42,No,Non-Travel,579,Research & Development,8,4,Technical Degree,1,1051,2,Male,77,2,2,Manager,4,Divorced,9554,18716,0,Y,No,12,3,3,80,0,10,3,4,0,0,0,0
23,Yes,Travel_Rarely,1326,Research & Development,24,4,Marketing,1,1052,3,Female,82,2,1,Research Scientist,2,Single,5053,4953,4,Y,No,16,3,1,80,0,5,5,3,4,1,1,1
55,Yes,Non-Travel,905,Research & Development,18,3,Technical Degree,1,1053,1,Female,84,2,1,Research Director,3,Married,7188,9631,6,Y,No,25,4,1,80,1,3,4,3,3,2,0,3
42,No,Travel_Rarely,1368,Research & Development,1,5,Life Sciences,1,1054,1,Female,75,3,2,Healthcare Representative,4,Single,8478,21485,8,Y,Yes,17,3,3,80,0,6,0,4,0,0,0,0
24,No,Travel_Rarely,910,Sales,2,5,Marketing,1,1055,1,Male,80,4,2,Sales Executive,2,Single,7987,17597,2,Y,No,21,3,2,80,1,6,5,2,0,0,0,0
37,No,Non-Travel,185,Sales,13,3,Technical Degree,1,1056,3,Male,87,2,4,Sales Representative,2,Divorced,14481,26896,3,Y,No,22,4,1,80,1,15,0,1,2,0,2,1
31,No,Non-Travel,1364,Sales,29,2,Medical,1,1057,3,Male,88,1,3,Sales Executive,4,Divorced,9813,7504,7,Y,No,25,3,3,80,1,11,3,1,3,2,1,0
18,No,Travel_Rarely,128,Human Resources,23,3,Life Sciences,1,1058,3,Male,84,2,2,Manager,2,Single,9437,20412,8,Y,No,11,4,3,80,2,0,6,4,0,0,0,0
57,Yes,Non-Travel,241,Sales,29,1,Technical Degree,1,1059,1,Male,57,2,2,Sales Executive,3,Single,8413,8335,5,Y,No,16,3,3,80,2,8,4,1,8,2,3,8
41,No,Travel_Rarely,1407,Research & Development,3,4,Life Sciences,1,1060,1,Female,51,2,2,Manufacturing Director,3,Divorced,9384,22698,3,Y,No,13,3,3,80,1,4,1,4,0,0,0,0
23,No,Travel_Frequently,980,Sales,9,4,Medical,1,1061,4,Male,34,2,5,Sales Executive,2,Married,18004,11890,3,Y,No,11,3,1,80,1,5,5,4,1,0,0,0
24,No,Travel_Rarely,1272,Research & Development,12,3,Medical,1,1062,1,Female,38,3,2,Research Scientist,3,Single,7290,9699,3,Y,No,18,3,1,80,0,6,2,1,0,0,0,0
47,No,Travel_Rarely,220,Research & Development,28,2,Human Resources,1,1063,2,Male,86,2,1,Manager,1,Married,6727,10448,8,Y,No,15,3,2,80,0,9,0,3,0,0,0,0
30,No,Travel_Frequently,1012,Sales,1,2,Life Sciences,1,1064,4,Male,36,2,2,Manager,4,Married,9706,12794,1,Y,Yes,19,3,2,80,0,6,3,2,0,0,0,0
37,No,Travel_Rarely,190,Research & Development,11,3,Human Resources,1,1065,3,Male,69,1,2,Manufacturing Director,2,Divorced,9592,2468,9,Y,No,16,3,1,80,1,6,3,4,1,1,1,0
34,Yes,Travel_Rarely,286,Research & Development,2,4,Human Resources,1,1066,1,Male,80,2,2,Manager,4,Single,8679,10142,7,Y,Yes,18,3,4,80,2,10,5,1,2,2,0,2
45,No,Non-Travel,1091,Human Resources,26,3,Other,1,1067,2,Male,37,4,4,Human Resources,4,Married,11417,12176,2,Y,No,13,3,1,80,1,17,2,1,0,0,0,0
37,No,Travel_Rarely,618,Sales,20,4,Medical,1,1068,1,Female,30,4,1,Sales Representative,1,Single,5400,19312,7,Y,No,23,3,3,80,1,3,0,3,3,0,1,2
41,No,Travel_Rarely,713,Sales,16,3,Other,1,1069,4,Female,88,3,1,Manager,3,Single,5087,11683,0,Y,No,12,3,3,80,2,1,6,3,0,0,0,0
35,No,Travel_Rarely,1104,Research & Development,12,4,Technical Degree,1,1070,3,Female,64,3,1,Research Scientist,3,Married,4760,20004,8,Y,Yes,13,3,1,80,0,1,5,1,1,1,1,1
26,No,Travel_Rarely,466,Research & Development,15,2,Marketing,1,1071,1,Male,74,1,1,Research Director,4,Married,4910,20677,2,Y,No,24,3,3,80,1,2,6,3,0,0,0,0
39,No,Travel_Rarely,424,Sales,6,3,Technical Degree,1,1072,2,Female,64,2,5,Manager,4,Single,18507,26602,2,Y,No,12,3,2,80,0,18,2,3,1,1,1,0
46,No,Travel_Rarely,619,Research & Development,12,2,Life Sciences,1,1073,3,Male,52,3,1,Research Director,3,Married,6085,14519,2,Y,No,15,3,4,80,1,2,0,1,0,0,0,0
60,No,Travel_Frequently,1336,Research & Development,12,4,Technical Degree,1,1074,2,Male,35,3,2,Research Scientist,2,Single,5277,3961,5,Y,No,13,3,3,80,1,8,6,2,1,0,1,1
20,No,Travel_Frequently,821,Research & Development,10,3,Medical,1,1075,4,Male,41,1,2,Research Director,2,Married,8987,4271,5,Y,No,20,3,1,80,0,2,4,2,2,0,2,0
22,No,Travel_Rarely,1298,Sales,5,4,Medical,1,1076,2,Male,30,2,1,Manager,1,Divorced,5215,24624,7,Y,No,16,3,4,80,1,1,5,1,0,0,0,0
28,No,Travel_Rarely,1410,Research & Development,11,3,Human Resources,1,1077,4,Male,60,2,5,Manager,2,Divorced,18071,8212,1,Y,Yes,18,3,4,80,1,10,2,4,3,2,3,2
24,Yes,Non-Travel,1482,Sales,1,3,Life Sciences,1,1078,1,Female,73,3,1,Sales Representative,4,Divorced,4877,10018,7,Y,No,14,3,4,80,2,4,4,1,0,0,0,0
34,No,Travel_Rarely,850,Research & Development,8,3,Marketing,1,1079,2,Male,37,3,3,Laboratory Technician,1,Single,12796,4913,3,Y,No,17,3,4,80,0,9,0,3,4,1,0,3
37,No,Travel_Frequently,371,Research & Development,24,4,Other,1,1080,2,Male,37,2,1,Manager,1,Married,6809,2640,1,Y,No,17,3,2,80,0,4,0,2,0,0,0,0
19,No,Travel_Rarely,701,Research & Development,6,4,Technical Degree,1,1081,2,Male,61,2,5,Healthcare Representative,4,Single,17712,21859,7,Y,No,25,3,2,80,1,1,5,2,0,0,0,0
44,No,Travel_Rarely,1014,Sales,28,3,Human Resources,1,1082,4,Male,71,2,2,Sales Executive,4,Married,8223,13346,9,Y,No,24,3,4,80,0,9,6,2,4,3,2,4
41,Yes,Travel_Frequently,1035,Research & Development,2,4,Human Resources,1,1083,1,Female,55,4,3,Healthcare Representative,3,Divorced,10228,6057,5,Y,Yes,23,3,3,80,2,8,4,4,2,1,2,1
29,Yes,Travel_Rarely,926,Sales,12,3,Marketing,1,1084,4,Male,61,3,4,Sales Executive,1,Divorced,13860,19482,9,Y,No,16,3,3,80,3,11,5,4,4,3,2,4
33,Yes,Travel_Frequently,256,Sales,23,1,Medical,1,1085,2,Female,73,1,1,Sales Representative,3,Married,5621,2251,0,Y,Yes,21,3,3,80,1,8,2,2,2,0,1,2
21,Yes,Travel_Rarely,1471,Research & Development,10,1,Medical,1,1086,2,Male,63,2,2,Manager,2,Married,9999,21046,9,Y,No,23,3,3,80,1,3,1,4,3,3,0,1
60,Yes,Travel_Rarely,1198,Research & Development,7,2,Human Resources,1,1087,2,Male,34,4,2,Manager,3,Married,6178,14390,6,Y,Yes,12,3,2,80,2,2,1,4,2,0,2,2
54,Yes,Travel_Rarely,423,Research & Development,21,4,Marketing,1,1088,3,Male,41,3,2,Laboratory Technician,3,Married,9106,5592,7,Y,Yes,11,3,2,80,3,3,1,4,0,0,0,0
38,No,Travel_Rarely,990,Sales,2,4,Marketing,1,1089,3,Male,74,3,1,Sales Executive,3,Married,5797,6634,9,Y,No,11,3,4,80,0,0,4,4,0,0,0,0
56,No,Travel_Rarely,105,Research & Development,5,2,Medical,1,1090,3,Female,32,3,1,Research Scientist,3,Divorced,7420,25039,9,Y,No,20,4,1,80,1,6,1,2,0,0,0,0
27,No,Travel_Frequently,1214,Sales,10,2,Life Sciences,1,1091,4,Male,87,3,2,Sales Executive,2,Single,9624,15276,0,Y,No,11,3,2,80,0,7,3,1,7,1,0,3
43,Yes,Travel_Rarely,1174,Research & Development,28,3,Other,1,1092,2,Male,92,3,1,Manager,2,Single,5642,8743,4,Y,No,23,3,4,80,0,2,5,3,2,2,0,2
39,No,Travel_Rarely,1089,Human Resources,5,3,Human Resources,1,1093,4,Male,34,3,2,Human Resources,4,Married,7986,14500,5,Y,No,23,4,2,80,0,9,3,2,3,3,3,0
42,No,Travel_Rarely,1230,Research & Development,10,1,Other,1,1094,2,Male,62,3,1,Laboratory Technician,3,Married,3929,10418,9,Y,No,23,3,1,80,0,5,6,1,3,0,1,1
33,No,Non-Travel,1205,Research & Development,6,1,Technical Degree,1,1095,4,Male,34,3,2,Manager,4,Single,7862,9558,1,Y,No,22,3,1,80,1,6,6,1,6,0,2,0
21,Yes,Travel_Rarely,1037,Research & Development,16,3,Technical Degree,1,1096,1,Male,87,2,4,Manager,2,Single,14397,20948,6,Y,No,14,3,3,80,1,3,5,4,3,0,0,0
37,Yes,Travel_Rarely,355,Research & Development,5,3,Other,1,1097,4,Male,81,3,2,Manager,3,Divorced,9169,12131,9,Y,Yes,23,3,2,80,0,5,5,1,2,2,0,2
43,No,Non-Travel,1117,Research & Development,9,4,Marketing,1,1098,2,Male,31,4,1,Manager,3,Divorced,6057,10446,4,Y,No,20,3,1,80,0,5,2,4,1,1,0,1
38,No,Travel_Frequently,1292,Sales,24,2,Life Sciences,1,1099,1,Male,52,4,1,Manager,4,Married,5225,7258,9,Y,No,23,3,2,80,1,0,4,2,0,0,0,0
21,No,Travel_Rarely,114,Research & Development,23,3,Technical Degree,1,1100,1,Male,94,2,2,Healthcare Representative,4,Married,9618,11705,0,Y,No,17,3,4,80,3,3,2,3,0,0,0,0
41,Yes,Travel_Frequently,473,Research & Development,6,3,Other,1,1101,1,Male,30,2,1,Research Scientist,1,Divorced,6993,9665,7,Y,No,22,3,4,80,1,1,5,4,1,1,0,1
59,No,Travel_Rarely,925,Research & Development,27,1,Life Sciences,1,1102,1,Female,68,3,3,Research Director,4,Married,9397,26729,8,Y,Yes,25,4,2,80,0,15,3,2,3,3,3,1
50,No,Travel_Rarely,1452,Research & Development,1,2,Other,1,1103,1,Male,73,3,1,Research Scientist,4,Single,5816,26991,6,Y,No,18,3,3,80,1,1,3,2,1,0,0,0
22,No,Non-Travel,1365,Research & Development,29,2,Medical,1,1104,2,Male,52,3,1,Research Scientist,2,Divorced,7838,4976,7,Y,No,16,3,1,80,1,4,1,4,4,4,1,0
57,Yes,Travel_Frequently,1437,Research & Development,16,3,Marketing,1,1105,2,Female,60,2,5,Healthcare Representative,3,Single,19057,10785,7,Y,Yes,19,3,1,80,3,21,0,3,7,6,4,7
51,No,Travel_Rarely,369,Research & Development,9,4,Human Resources,1,1106,4,Male,79,3,1,Manufacturing Director,2,Single,7449,14012,5,Y,Yes,24,3,3,80,1,4,6,3,1,0,0,1
30,No,Travel_Frequently,1011,Sales,1,3,Medical,1,1107,1,Male,30,1,2,Sales Representative,1,Married,9422,16121,4,Y,No,19,3,3,80,1,5,3,1,4,1,0,0
30,No,Non-Travel,656,Research & Development,15,3,Marketing,1,1108,3,Male,69,1,1,Manager,3,Divorced,7150,6669,4,Y,Yes,24,3,3,80,1,2,3,4,2,0,0,1
51,No,Travel_Rarely,1364,Sales,16,2,Technical Degree,1,1109,2,Male,56,3,2,Sales Representative,3,Married,10769,9703,0,Y,Yes,17,3,2,80,2,8,2,1,2,0,0,2
24,No,Travel_Rarely,679,Sales,28,4,Marketing,1,1110,1,Female,88,2,5,Sales Representative,4,Divorced,16774,14492,3,Y,No,21,3,3,80,1,6,3,2,2,1,2,1
33,Yes,Travel_Frequently,708,Sales,29,2,Human Resources,1,1111,1,Male,88,4,5,Manager,3,Married,18895,18560,5,Y,Yes,19,3,1,80,0,15,5,4,3,3,2,2
58,Yes,Travel_Frequently,983,Research & Development,8,3,Other,1,1112,3,Male,50,3,4,Healthcare Representative,3,Divorced,13857,25794,2,Y,Yes,20,3,3,80,1,12,1,2,7,4,1,6
42,No,Travel_Rarely,1127,Research & Development,27,4,Other,1,1113,4,Male,61,3,1,Healthcare Representative,2,Divorced,2831,23491,6,Y,No,11,3,2,80,1,0,6,1,0,0,0,0
30,No,Travel_Rarely,204,Research & Development,29,3,Other,1,1114,2,Female,88,4,1,Research Director,1,Divorced,3558,12693,2,Y,No,17,4,3,80,0,6,5,3,6,0,1,5
58,No,Travel_Frequently,913,Research & Development,16,1,Life Sciences,1,1115,4,Female,34,4,1,Manager,2,Married,8695,16296,3,Y,No,14,3,4,80,0,6,0,4,0,0,0,0
23,Yes,Travel_Rarely,236,Research & Development,29,4,Human Resources,1,1116,4,Male,72,2,1,Laboratory Technician,2,Married,6058,13617,1,Y,No,13,3,3,80,1,5,2,3,2,2,0,0
47,Yes,Travel_Rarely,657,Research & Development,7,4,Human Resources,1,1117,2,Male,53,2,3,Research Director,1,Single,11865,6333,1,Y,Yes,19,4,2,80,1,12,5,4,0,0,0,0
45,No,Travel_Rarely,326,Research & Development,23,3,Medical,1,1118,3,Female,36,2,2,Manager,2,Married,7721,24516,0,Y,No,18,3,2,80,2,15,6,3,0,0,0,0
34,No,Travel_Rarely,801,Sales,17,4,Human Resources,1,1119,2,Female,31,3,1,Manager,4,Single,6963,25330,7,Y,No,13,3,1,80,1,6,2,4,1,1,1,1
39,Yes,Travel_Rarely,547,Research & Development,22,4,Life Sciences,1,1120,1,Male,35,1,3,Manager,1,Married,9604,26801,4,Y,No,21,3,3,80,2,6,4,2,1,0,1,1
20,Yes,Travel_Rarely,1009,Sales,11,2,Other,1,1121,4,Male,85,2,1,Sales Executive,1,Single,8304,13405,2,Y,Yes,20,3,4,80,1,1,3,1,1,0,0,1
54,No,Non-Travel,103,Research & Development,26,3,Technical Degree,1,1122,3,Female,60,4,2,Laboratory Technician,2,Married,8300,14842,9,Y,No,18,3,2,80,1,10,1,3,0,0,0,0
39,No,Travel_Rarely,572,Research & Development,8,3,Life Sciences,1,1123,1,Male,32,4,1,Research Scientist,2,Married,5463,2827,8,Y,No,25,3,2,80,0,0,1,4,0,0,0,0
18,Yes,Travel_Rarely,233,Research & Development,28,1,Life Sciences,1,1124,3,Female,96,3,3,Laboratory Technician,1,Married,11968,3813,1,Y,Yes,15,3,4,80,1,0,0,4,0,0,0,0
24,No,Travel_Rarely,1063,Research & Development,11,3,Human Resources,1,1125,1,Female,67,4,1,Research Scientist,2,Married,4761,6659,4,Y,Yes,18,3,2,80,1,6,4,1,6,0,1,6
52,No,Travel_Frequently,113,Research & Development,19,3,Marketing,1,1126,1,Male,46,1,3,Research Scientist,4,Single,10424,14869,9,Y,No,24,3,1,80,0,5,0,4,4,2,1,0
44,No,Travel_Rarely,1353,Research & Development,10,3,Medical,1,1127,3,Male,75,2,1,Healthcare Representative,2,Married,7004,2713,4,Y,No,21,3,3,80,1,3,3,1,1,0,0,1
47,No,Travel_Rarely,231,Sales,23,2,Life Sciences,1,1128,1,Male,46,4,1,Sales Representative,4,Married,5126,18914,0,Y,No,20,3,4,80,2,0,1,4,0,0,0,0
41,No,Travel_Rarely,1374,Research & Development,1,3,Technical Degree,1,1129,2,Male,50,2,3,Laboratory Technician,4,Single,12717,9979,8,Y,No,11,3,1,80,0,12,3,2,0,0,0,0
58,No,Travel_Frequently,854,Research & Development,5,4,Medical,1,1130,2,Female,74,2,1,Laboratory Technician,4,Single,4923,7981,6,Y,No,19,3,1,80,0,8,0,1,0,0,0,0
57,No,Travel_Rarely,1288,Sales,23,4,Technical Degree,1,1131,4,Female,59,4,2,Sales Executive,3,Married,11473,19611,6,Y,No,24,3,2,80,1,9,6,4,4,1,4,0
33,Yes,Travel_Frequently,1414,Sales,6,4,Other,1,1132,4,Female,30,2,1,Manager,1,Single,3371,17907,2,Y,No,18,3,4,80,1,4,1,2,1,1,0,1
57,Yes,Travel_Rarely,984,Research & Development,29,3,Other,1,1133,2,Female,47,3,4,Manager,2,Single,15721,20195,2,Y,No,14,3,2,80,0,17,3,3,0,0,0,0
47,Yes,Travel_Rarely,752,Research & Development,28,1,Technical Degree,1,1134,4,Male,92,4,2,Healthcare Representative,1,Divorced,10221,3304,0,Y,No,19,3,4,80,0,10,2,2,3,2,3,0
20,No,Travel_Rarely,906,Research & Development,14,3,Life Sciences,1,1135,3,Male,62,2,1,Research Director,1,Single,4727,10054,1,Y,No,17,3,4,80,3,2,0,4,2,2,2,1
28,No,Travel_Rarely,448,Research & Development,21,3,Human Resources,1,1136,3,Female,99,2,2,Research Scientist,4,Single,10282,10662,1,Y,No,15,3,3,80,0,10,2,2,1,0,0,0
46,No,Travel_Rarely,1020,Sales,23,3,Life Sciences,1,1137,4,Female,92,4,1,Manager,3,Divorced,7034,10991,6,Y,Yes,12,3,3,80,1,5,1,3,0,0,0,0
56,No,Travel_Rarely,1071,Research & Development,10,1,Medical,1,1138,3,Male,93,4,1,Research Director,4,Divorced,5433,17353,3,Y,No,12,3,4,80,0,3,1,2,1,0,1,0
22,No,Travel_Rarely,1098,Research & Development,2,3,Marketing,1,1139,2,Female,33,2,1,Laboratory Technician,3,Married,5765,3483,3,Y,Yes,17,3,2,80,0,0,2,4,0,0,0,0
27,No,Travel_Rarely,1190,Research & Development,8,4,Technical Degree,1,1140,4,Female,98,2,1,Manufacturing Director,3,Married,7273,16357,0,Y,No,25,3,3,80,0,0,3,1,0,0,0,0
55,No,Travel_Rarely,1066,Research & Development,17,3,Life Sciences,1,1141,2,Female,48,3,3,Research Scientist,2,Divorced,12243,5204,6,Y,No,17,3,2,80,0,13,3,4,6,2,5,3
24,No,Travel_Frequently,1292,Human Resources,12,4,Human Resources,1,1142,3,Female,81,4,4,Human Resources,2,Married,12890,7745,0,Y,Yes,14,3,3,80,0,6,4,4,0,0,0,0
36,No,Travel_Rarely,1151,Research & Development,15,4,Technical Degree,1,1143,1,Female,93,1,2,Manufacturing Director,4,Married,10092,4395,8,Y,Yes,20,3,3,80,0,11,1,4,0,0,0,0
60,No,Travel_Frequently,1122,Research & Development,25,3,Medical,1,1144,2,Female,77,2,1,Manufacturing Director,1,Married,6232,21611,4,Y,No,17,3,3,80,0,0,5,4,0,0,0,0
33,No,Travel_Rarely,267,Research & Development,27,4,Human Resources,1,1145,3,Female,73,3,2,Laboratory Technician,3,Married,8114,18828,6,Y,Yes,22,3,2,80,2,6,6,2,5,0,4,5
23,Yes,Travel_Frequently,1278,Sales,16,3,Marketing,1,1146,2,Male,54,2,1,Manager,2,Single,6614,21238,7,Y,No,24,3,4,80,0,4,5,1,2,1,1,2
55,No,Travel_Rarely,348,Sales,10,3,Life Sciences,1,1147,1,Female,83,1,2,Manager,3,Divorced,7411,2166,4,Y,No,12,3,4,80,2,5,5,4,5,0,4,0
26,Yes,Travel_Rarely,1017,Research & Development,9,4,Life Sciences,1,1148,1,Male,92,1,2,Manager,2,Married,7066,14021,7,Y,Yes,13,3,1,80,0,7,1,1,0,0,0,0
37,Yes,Travel_Rarely,1406,Research & Development,28,3,Other,1,1149,4,Male,73,2,4,Manager,2,Single,13476,23260,6,Y,No,23,4,4,80,1,13,4,3,2,0,2,0
57,No,Travel_Rarely,189,Sales,16,4,Other,1,1150,3,Male,46,2,2,Sales Representative,3,Divorced,9259,13686,1,Y,Yes,18,3,3,80,1,10,1,4,3,2,2,2
52,No,Travel_Rarely,232,Sales,8,4,Human Resources,1,1151,3,Female,68,2,3,Sales Executive,2,Married,11232,6792,2,Y,No,11,4,3,80,0,11,4,4,5,3,0,1
31,Yes,Travel_Rarely,1093,Sales,8,1,Technical Degree,1,1152,4,Male,75,2,1,Manager,1,Single,6239,15582,6,Y,Yes,16,3,1,80,0,5,5,2,0,0,0,0
38,Yes,Travel_Frequently,992,Research & Development,27,3,Technical Degree,1,1153,4,Male,45,1,2,Manufacturing Director,4,Divorced,9100,19775,5,Y,No,19,3,2,80,1,7,4,3,5,4,5,0
39,Yes,Travel_Rarely,732,Research & Development,6,4,Marketing,1,1154,1,Male,97,3,1,Research Scientist,1,Married,5223,10788,0,Y,Yes,11,3,2,80,2,5,2,2,2,0,2,2
51,No,Travel_Rarely,1012,Sales,29,4,Other,1,1155,1,Male,74,4,3,Sales Representative,4,Divorced,10424,6796,6,Y,No,13,3,3,80,1,7,5,1,3,2,3,1
21,No,Travel_Rarely,1303,Sales,24,3,Technical Degree,1,1156,1,Female,58,2,1,Sales Representative,1,Divorced,5101,17194,7,Y,Yes,24,3,2,80,0,2,2,4,0,0,0,0
47,Yes,Travel_Frequently,1136,Research & Development,8,3,Marketing,1,1157,2,Male,58,4,1,Healthcare Representative,1,Married,4916,10404,6,Y,No,18,3,3,80,1,3,2,2,3,2,2,0
50,No,Travel_Frequently,1440,Research & Development,12,1,Other,1,1158,4,Male,35,2,2,Research Director,2,Single,9432,22427,4,Y,No,18,3,4,80,0,6,0,2,4,4,1,2
22,Yes,Travel_Rarely,1406,Research & Development,23,1,Marketing,1,1159,1,Female,30,4,1,Research Scientist,1,Married,7793,11606,5,Y,Yes,12,4,1,80,0,4,1,3,1,0,0,1
55,No,Non-Travel,158,Sales,17,3,Life Sciences,1,1160,3,Female,75,4,1,Manager,4,Single,4941,18803,1,Y,Yes,17,3,3,80,2,6,1,2,0,0,0,0
26,Yes,Travel_Rarely,171,Research & Development,10,3,Marketing,1,1161,4,Male,59,1,1,Laboratory Technician,1,Married,5856,19026,5,Y,No,13,4,4,80,0,4,2,4,4,4,0,2
33,No,Travel_Rarely,429,Sales,29,3,Life Sciences,1,1162,2,Male,82,2,2,Manager,2,Married,7996,22231,1,Y,Yes,13,3,4,80,3,1,3,3,1,1,1,0
37,Yes,Travel_Frequently,1110,Sales,19,1,Technical Degree,1,1163,4,Female,87,1,1,Manager,4,Divorced,4836,18879,0,Y,Yes,21,3,3,80,0,5,4,2,2,0,0,0
22,Yes,Travel_Rarely,921,Sales,12,4,Marketing,1,1164,4,Female,55,1,5,Sales Representative,1,Married,16154,9229,5,Y,No,14,4,3,80,1,4,1,1,2,1,0,2
23,No,Travel_Rarely,777,Research & Development,25,4,Marketing,1,1165,2,Male,79,4,2,Manager,4,Married,7153,5696,3,Y,No,16,3,3,80,1,5,5,4,3,0,2,1
54,No,Travel_Rarely,179,Sales,25,1,Life Sciences,1,1166,3,Male,76,3,1,Manager,3,Married,6396,9181,9,Y,No,11,3,4,80,2,0,6,4,0,0,0,0
42,Yes,Travel_Rarely,1002,Research & Development,18,3,Medical,1,1167,4,Male,47,4,1,Manager,2,Single,7821,16702,9,Y,Yes,13,3,3,80,1,0,6,4,0,0,0,0
56,No,Travel_Rarely,747,Research & Development,18,1,Technical Degree,1,1168,3,Male,55,3,5,Research Scientist,4,Married,17024,11076,5,Y,No,21,3,1,80,2,18,4,3,3,2,2,0
57,Yes,Travel_Rarely,789,Research & Development,14,3,Medical,1,1169,3,Male,63,2,1,Research Scientist,3,Divorced,5353,21251,0,Y,No,17,3,3,80,1,3,4,4,3,1,0,1
43,Yes,Travel_Rarely,241,Research & Development,4,3,Life Sciences,1,1170,2,Male,36,4,2,Research Director,3,Married,8735,8175,6,Y,Yes,19,4,4,80,1,5,5,1,5,0,0,2
59,Yes,Travel_Rarely,615,Sales,1,1,Other,1,1171,1,Female,37,2,4,Sales Executive,2,Single,14577,12962,8,Y,No,19,3,2,80,0,14,5,2,1,1,1,1
26,No,Travel_Rarely,594,Research & Development,17,3,Marketing,1,1172,4,Male,84,4,2,Manager,1,Married,7466,7819,9,Y,No,20,4,4,80,1,2,3,3,2,0,1,2
54,No,Travel_Rarely,326,Research & Development,29,3,Technical Degree,1,1173,4,Male,31,1,3,Manager,1,Single,11074,5773,0,Y,No,22,3,2,80,2,13,2,2,2,2,0,2
51,No,Travel_Rarely,503,Sales,18,4,Marketing,1,1174,4,Male,80,4,2,Sales Representative,2,Divorced,9012,23360,4,Y,No,15,3,2,80,0,8,3,1,8,8,5,0
26,No,Travel_Rarely,1018,Sales,28,4,Technical Degree,1,1175,1,Male,50,4,2,Sales Executive,3,Divorced,8311,16534,0,Y,Yes,11,3,1,80,0,7,3,1,6,4,6,5
22,No,Travel_Frequently,526,Research & Development,28,1,Life Sciences,1,1176,3,Male,31,4,2,Laboratory Technician,4,Married,8801,8092,7,Y,No,20,3,3,80,1,4,0,4,1,1,0,0
45,No,Travel_Frequently,1134,Human Resources,7,3,Life Sciences,1,1177,4,Male,75,1,2,Human Resources,1,Divorced,10378,9395,3,Y,Yes,17,3,4,80,1,0,0,1,0,0,0,0
41,Yes,Travel_Frequently,887,Sales,6,3,Marketing,1,1178,3,Male,83,4,3,Sales Representative,2,Single,10541,19305,6,Y,No,14,3,2,80,0,13,4,1,1,0,1,0
20,No,Travel_Rarely,600,Research & Development,12,3,Life Sciences,1,1179,2,Female,43,3,3,Research Scientist,3,Married,12580,5217,5,Y,No,14,3,2,80,0,2,4,3,2,1,0,0
19,Yes,Travel_Rarely,1348,Research & Development,3,2,Human Resources,1,1180,2,Male,45,2,5,Healthcare Representative,2,Divorced,18915,15463,1,Y,Yes,15,3,2,80,0,1,1,4,1,1,0,0
60,No,Travel_Frequently,497,Research & Development,19,4,Medical,1,1181,2,Male,46,2,1,Healthcare Representative,4,Married,5107,10393,7,Y,No,21,4,4,80,1,0,4,4,0,0,0,0
41,No,Travel_Frequently,1228,Sales,7,2,Marketing,1,1182,2,Female,50,4,3,Sales Executive,4,Married,10697,24831,2,Y,No,21,4,3,80,1,9,6,4,4,2,0,4
39,No,Travel_Rarely,491,Sales,20,4,Medical,1,1183,1,Female,33,4,1,Manager,1,Divorced,6655,12606,5,Y,No,16,3,4,80,1,8,5,3,1,0,1,1
56,No,Travel_Rarely,1183,Sales,2,1,Medical,1,1184,3,Female,46,2,1,Sales Representative,4,Single,6420,15539,2,Y,No,25,3,4,80,1,0,3,3,0,0,0,0
22,Yes,Travel_Rarely,495,Sales,7,3,Life Sciences,1,1185,3,Female,41,3,1,Manager,3,Married,4847,4110,1,Y,No,12,3,3,80,3,4,3,1,2,2,0,2
35,Yes,Travel_Frequently,391,Sales,16,2,Human Resources,1,1186,1,Female,88,4,1,Sales Executive,1,Married,7612,11646,4,Y,Yes,12,3,1,80,0,3,3,3,3,3,2,0
19,No,Travel_Frequently,1403,Sales,19,3,Marketing,1,1187,3,Male,58,1,1,Manager,3,Single,5917,13867,8,Y,Yes,21,3,2,80,1,1,0,2,1,0,0,1
21,Yes,Travel_Rarely,1052,Research & Development,8,4,Medical,1,1188,3,Female,86,1,4,Manufacturing Director,1,Married,12528,18208,5,Y,Yes,19,3,3,80,1,3,4,2,0,0,0,0
46,No,Travel_Rarely,1094,Sales,5,2,Life Sciences,1,1189,2,Male,96,2,1,Manager,1,Single,5810,19950,2,Y,Yes,21,4,2,80,1,7,3,3,7,1,5,3
19,No,Travel_Frequently,1458,Research & Development,17,1,Human Resources,1,1190,1,Male,64,1,4,Manufacturing Director,4,Divorced,14428,9278,1,Y,No,15,3,4,80,1,1,6,2,0,0,0,0
21,Yes,Travel_Rarely,960,Sales,21,4,Marketing,1,1191,3,Male,37,2,2,Sales Representative,4,Married,9079,12454,7,Y,No,13,3,4,80,2,3,3,3,3,0,2,2
39,No,Travel_Rarely,132,Research & Development,7,1,Medical,1,1192,2,Male,93,3,2,Laboratory Technician,3,Married,8293,4355,4,Y,No,20,3,4,80,0,7,4,1,0,0,0,0
24,No,Travel_Rarely,310,Sales,6,3,Marketing,1,1193,2,Male,84,4,2,Manager,3,Divorced,10556,19679,2,Y,No,20,4,1,80,1,3,2,2,2,2,2,2
25,No,Travel_Rarely,1313,Research & Development,2,4,Life Sciences,1,1194,1,Female,46,2,2,Manufacturing Director,1,Divorced,8932,24294,0,Y,Yes,12,3,1,80,1,7,3,1,1,0,1,1
33,No,Travel_Rarely,435,Research & Development,5,3,Other,1,1195,1,Female,37,1,3,Research Scientist,3,Single,12483,24293,3,Y,No,14,3,1,80,1,6,5,3,6,0,0,2
42,No,Travel_Frequently,775,Sales,23,4,Life Sciences,1,1196,2,Female,84,1,1,Manager,3,Divorced,4652,9600,3,Y,Yes,11,3,4,80,1,2,2,4,1,0,0,1
50,No,Travel_Rarely,889,Research & Development,22,2,Medical,1,1197,4,Male,49,2,4,Manager,4,Single,13597,15333,4,Y,No,24,3,2,80,0,11,0,2,8,0,6,3
48,No,Travel_Rarely,504,Research & Development,26,3,Medical,1,1198,3,Male,88,4,1,Research Director,1,Married,5978,10665,3,Y,No,15,3,2,80,1,1,0,3,1,1,1,0
40,No,Travel_Rarely,1322,Research & Development,12,3,Technical Degree,1,1199,1,Female,38,3,5,Healthcare Representative,3,Married,15695,22296,7,Y,No,21,3,2,80,0,19,1,2,0,0,0,0
21,Yes,Travel_Rarely,1226,Sales,14,3,Human Resources,1,1200,2,Male,96,4,2,Manager,4,Divorced,6541,13450,0,Y,No,24,3,4,80,1,3,1,3,3,2,0,2
43,No,Travel_Rarely,129,Research & Development,11,3,Life Sciences,1,1201,1,Male,43,3,1,Manufacturing Director,1,Married,5337,19968,9,Y,No,20,3,1,80,3,4,5,3,3,0,1,3
36,No,Travel_Rarely,981,Research & Development,22,4,Medical,1,1202,3,Male,99,2,2,Laboratory Technician,1,Divorced,10293,17903,9,Y,No,16,3,1,80,1,3,2,4,0,0,0,0
58,Yes,Travel_Rarely,1302,Research & Development,1,4,Marketing,1,1203,2,Female,48,1,5,Manager,1,Single,16054,2761,5,Y,No,17,4,3,80,1,16,1,3,2,0,1,0
39,No,Travel_Rarely,623,Sales,4,3,Medical,1,1204,4,Female,30,2,2,Manager,3,Single,7417,14887,5,Y,No,24,4,4,80,3,10,6,4,3,1,3,3
37,No,Travel_Rarely,570,Research & Development,25,4,Technical Degree,1,1205,2,Male,62,1,2,Healthcare Representative,2,Married,8622,6322,3,Y,Yes,11,3,4,80,0,8,6,1,6,1,3,5
33,Yes,Travel_Rarely,243,Research & Development,16,3,Life Sciences,1,1206,1,Male,31,4,1,Laboratory Technician,4,Married,4494,8121,9,Y,Yes,22,3,4,80,2,0,4,1,0,0,0,0
35,No,Travel_Rarely,1258,Research & Development,19,4,Technical Degree,1,1207,1,Female,73,1,2,Laboratory Technician,3,Single,9963,16679,1,Y,Yes,22,3,2,80,1,0,5,1,0,0,0,0
50,No,Travel_Rarely,428,Research & Development,13,2,Technical Degree,1,1208,2,Male,39,2,3,Healthcare Representative,4,Single,10455,12037,8,Y,No,22,4,3,80,0,12,5,4,5,1,5,2
25,No,Travel_Rarely,1255,Sales,15,4,Medical,1,1209,1,Female,36,4,1,Sales Executive,3,Married,6740,26262,8,Y,No,13,3,2,80,0,1,3,2,1,0,1,0
52,No,Travel_Rarely,243,Sales,26,3,Other,1,1210,1,Male,84,1,3,Sales Representative,4,Single,9995,19886,0,Y,No,16,3,4,80,1,10,1,2,1,0,1,0
23,No,Travel_Frequently,129,Research & Development,16,4,Life Sciences,1,1211,4,Male,35,2,1,Healthcare Representative,2,Married,5802,26728,9,Y,No,16,3,3,80,1,0,3,1,0,0,0,0
38,Yes,Travel_Rarely,884,Research & Development,11,3,Life Sciences,1,1212,4,Male,95,3,5,Laboratory Technician,2,Married,18543,25931,8,Y,No,14,3,4,80,2,15,3,3,7,6,6,2
28,No,Travel_Rarely,167,Research & Development,7,1,Medical,1,1213,4,Male,72,4,1,Laboratory Technician,4,Divorced,5129,14982,0,Y,No,20,3,3,80,0,0,4,4,0,0,0,0
50,No,Travel_Rarely,198,Sales,3,5,Other,1,1214,2,Male,88,3,3,Manager,1,Married,12972,22797,9,Y,No,25,3,1,80,1,13,3,3,0,0,0,0
38,No,Travel_Rarely,874,Research & Development,8,4,Human Resources,1,1215,4,Female,68,1,2,Manager,4,Single,8878,20337,7,Y,No,14,4,1,80,0,10,1,1,2,0,1,2
38,Yes,Non-Travel,850,Sales,7,4,Medical,1,1216,2,Female,31,4,1,Manager,1,Married,6525,21099,3,Y,No,17,3,2,80,0,0,3,3,0,0,0,0
56,Yes,Travel_Rarely,312,Research & Development,29,3,Technical Degree,1,1217,2,Female,72,1,1,Research Scientist,4,Divorced,3371,15668,1,Y,No,14,3,2,80,2,1,5,3,0,0,0,0
46,Yes,Travel_Rarely,1279,Research & Development,26,3,Other,1,1218,2,Female,54,1,1,Manufacturing Director,1,Married,2626,26920,3,Y,No,24,3,1,80,0,0,3,2,0,0,0,0
54,No,Travel_Rarely,1094,Human Resources,28,2,Technical Degree,1,1219,4,Female,35,2,2,Manager,3,Married,8536,17898,4,Y,No,20,4,4,80,0,8,6,2,3,3,2,2
40,Yes,Travel_Frequently,104,Sales,24,4,Human Resources,1,1220,3,Female,88,3,1,Sales Representative,3,Divorced,7915,14424,2,Y,No,17,3,3,80,0,4,0,2,1,1,1,1
25,No,Travel_Rarely,1247,Sales,4,3,Human Resources,1,1221,3,Female,60,4,5,Sales Representative,3,Married,19477,21906,6,Y,No,15,3,1,80,3,7,0,1,0,0,0,0
44,No,Travel_Rarely,1306,Research & Development,17,4,Other,1,1222,4,Male,36,1,1,Manager,1,Single,6519,10039,6,Y,No,16,3,2,80,1,1,5,2,1,1,1,0
49,No,Non-Travel,108,Sales,3,2,Human Resources,1,1223,4,Male,51,4,1,Sales Representative,1,Married,5211,4213,3,Y,No,20,3,3,80,0,0,3,3,0,0,0,0
42,Yes,Travel_Rarely,1168,Sales,8,4,Life Sciences,1,1224,2,Male,70,3,1,Sales Executive,3,Married,3308,9402,5,Y,No,14,3,4,80,0,2,1,3,2,0,0,0
43,No,Non-Travel,978,Research & Development,24,3,Other,1,1225,3,Female,74,3,1,Healthcare Representative,1,Married,5506,19051,4,Y,No,20,3,4,80,1,4,2,1,4,2,0,4
56,No,Travel_Rarely,377,Human Resources,1,3,Other,1,1226,2,Female,78,1,1,Manager,4,Married,4573,5183,7,Y,No,21,3,1,80,0,0,0,3,0,0,0,0
37,No,Travel_Rarely,1340,Research & Development,19,2,Technical Degree,1,1227,3,Female,59,1,2,Research Director,2,Married,10597,25544,2,Y,No,19,4,4,80,1,7,2,3,7,7,5,0
30,No,Travel_Rarely,1107,Human Resources,5,2,Human Resources,1,1228,1,Female,74,4,1,Manager,1,Married,5758,18239,8,Y,No,12,3,1,80,1,6,4,1,1,1,1,0
55,No,Travel_Rarely,1083,Sales,19,5,Other,1,1229,1,Female,61,4,1,Sales Representative,4,Single,6888,21001,1,Y,No,11,3,3,80,2,5,3,4,1,1,1,0
60,No,Travel_Rarely,360,Research & Development,1,4,Technical Degree,1,1230,1,Female,42,2,5,Research Scientist,1,Single,16395,25292,8,Y,No,22,3,1,80,1,19,5,4,0,0,0,0
54,No,Travel_Rarely,329,Research & Development,6,3,Technical Degree,1,1231,1,Male,41,1,5,Research Scientist,2,Single,17543,8123,2,Y,Yes,16,3,3,80,1,14,3,1,3,0,1,1
26,No,Non-Travel,331,Sales,24,4,Other,1,1232,1,Female,92,4,4,Manager,4,Married,12915,19905,5,Y,No,14,3,3,80,0,8,1,4,2,0,2,2
31,No,Travel_Rarely,1180,Research & Development,28,1,Technical Degree,1,1233,4,Female,32,2,2,Research Scientist,1,Divorced,7564,25737,6,Y,No,14,4,1,80,0,9,4,3,6,5,6,4
60,No,Travel_Frequently,1015,Sales,19,2,Technical Degree,1,1234,1,Female,89,3,1,Sales Executive,4,Single,6033,25690,7,Y,No,25,4,3,80,2,1,4,3,0,0,0,0
21,No,Travel_Rarely,1101,Human Resources,7,1,Life Sciences,1,1235,2,Female,71,2,2,Human Resources,4,Divorced,9257,4056,0,Y,No,25,3,1,80,1,3,1,2,2,1,2,1
21,Yes,Travel_Frequently,727,Sales,9,4,Medical,1,1236,4,Male,80,2,2,Sales Executive,2,Married,7387,6761,9,Y,No,24,3,2,80,0,3,6,4,3,0,0,1
47,No,Travel_Rarely,105,Research & Development,13,4,Human Resources,1,1237,3,Female,32,2,1,Manager,4,Married,4761,25904,4,Y,No,17,3,1,80,1,8,5,4,4,4,4,2
58,Yes,Travel_Rarely,561,Sales,17,3,Other,1,1238,4,Female,77,3,1,Manager,3,Single,7389,5272,7,Y,Yes,23,3,3,80,3,0,5,3,0,0,0,0
43,No,Travel_Frequently,879,Research & Development,16,3,Life Sciences,1,1239,1,Female,50,1,3,Research Director,2,Married,10670,19206,0,Y,Yes,18,3,3,80,0,7,2,4,0,0,0,0
32,Yes,Travel_Rarely,688,Research & Development,19,3,Technical Degree,1,1240,2,Male,96,2,1,Research Scientist,1,Divorced,4857,14895,1,Y,No,24,3,4,80,0,1,3,2,1,1,1,1
56,No,Travel_Rarely,802,Sales,13,1,Life Sciences,1,1241,3,Male,38,1,2,Manager,3,Single,9229,4642,6,Y,No,23,3,3,80,0,6,2,4,0,0,0,0
53,No,Travel_Rarely,969,Sales,26,1,Technical Degree,1,1242,2,Male,50,4,2,Sales Executive,2,Divorced,6793,5115,9,Y,No,21,3,4,80,0,11,5,4,5,3,3,1
33,No,Travel_Rarely,1133,Research & Development,4,3,Other,1,1243,1,Female,66,2,2,Healthcare Representative,1,Married,7871,6748,3,Y,No,19,3,1,80,3,2,0,3,0,0,0,0
59,No,Travel_Rarely,1368,Sales,16,4,Other,1,1244,3,Male,33,3,3,Manager,2,Married,12052,18539,3,Y,No,18,3,4,80,0,6,0,4,1,1,0,0
48,Yes,Travel_Rarely,1192,Sales,17,1,Technical Degree,1,1245,4,Female,88,4,1,Sales Executive,4,Married,7615,22921,6,Y,No,25,3,4,80,1,8,3,3,6,5,0,2
46,Yes,Travel_Rarely,919,Sales,1,3,Life Sciences,1,1246,4,Male,59,1,2,Sales Executive,1,Divorced,6408,26260,2,Y,Yes,24,3,1,80,1,4,0,1,4,2,0,2
38,Yes,Travel_Frequently,988,Human Resources,2,2,Life Sciences,1,1247,1,Male,71,2,2,Manager,1,Divorced,9856,8857,6,Y,No,24,3,2,80,1,8,6,2,1,1,1,1
49,No,Travel_Rarely,409,Research & Development,22,3,Other,1,1248,2,Male,31,3,3,Healthcare Representative,4,Single,11293,18717,4,Y,No,19,3,3,80,2,10,0,4,1,1,0,0
47,No,Travel_Rarely,840,Sales,18,3,Marketing,1,1249,3,Female,67,2,3,Manager,4,Married,11510,22638,2,Y,No,22,3,1,80,1,4,4,4,0,0,0,0
55,No,Travel_Frequently,1208,Sales,17,3,Marketing,1,1250,2,Female,86,4,2,Manager,4,Married,6972,21509,0,Y,No,22,3,1,80,3,0,1,2,0,0,0,0
34,Yes,Non-Travel,779,Research & Development,29,2,Medical,1,1251,3,Female,55,2,1,Laboratory Technician,2,Married,5667,10496,4,Y,No,15,3,2,80,0,0,4,4,0,0,0,0
30,No,Travel_Frequently,1347,Human Resources,25,2,Other,1,1252,2,Male,53,3,2,Human Resources,2,Married,8879,11521,6,Y,No,17,4,4,80,3,7,0,1,1,1,1,1
29,Yes,Non-Travel,979,Research & Development,27,2,Technical Degree,1,1253,3,Male,60,4,2,Manager,3,Divorced,9081,22771,7,Y,Yes,12,3,4,80,1,11,3,2,0,0,0,0
54,No,Travel_Rarely,387,Research & Development,4,2,Other,1,1254,4,Male,78,3,2,Manufacturing Director,2,Married,8778,9424,0,Y,Yes,11,3,3,80,1,12,3,3,0,0,0,0
31,Yes,Travel_Rarely,1262,Research & Development,23,1,Marketing,1,1255,3,Male,88,1,1,Research Director,2,Married,4978,24657,5,Y,No,24,3,3,80,1,4,6,4,0,0,0,0
60,Yes,Travel_Rarely,893,Sales,24,4,Medical,1,1256,1,Male,75,2,2,Sales Representative,2,Married,8552,12837,1,Y,No,25,3,1,80,1,6,4,4,2,2,2,1
33,No,Non-Travel,1068,Sales,15,3,Technical Degree,1,1257,1,Male,87,3,2,Sales Executive,2,Divorced,8519,4266,5,Y,No,14,3,2,80,3,9,4,2,1,0,1,1
36,No,Travel_Rarely,383,Research & Development,17,2,Medical,1,1258,1,Male,97,2,2,Laboratory Technician,4,Single,9098,24828,4,Y,No,13,3,3,80,2,5,5,4,5,5,5,0
22,Yes,Travel_Rarely,704,Research & Development,5,3,Marketing,1,1259,2,Female,95,2,4,Manager,2,Married,14600,8233,6,Y,Yes,14,3,3,80,2,4,2,3,3,0,3,3
35,Yes,Non-Travel,1407,Research & Development,25,4,Technical Degree,1,1260,4,Female,44,1,2,Manufacturing Director,1,Single,6438,13054,2,Y,No,19,3,3,80,0,9,5,2,0,0,0,0
38,No,Non-Travel,1418,Research & Development,12,3,Other,1,1261,4,Male,93,3,4,Research Director,4,Married,13903,26556,6,Y,No,23,3,4,80,0,16,3,4,0,0,0,0
42,No,Travel_Rarely,652,Research & Development,28,4,Life Sciences,1,1262,2,Male,47,3,2,Healthcare Representative,4,Single,8029,13251,3,Y,Yes,19,3,1,80,0,8,2,4,5,0,1,2
25,Yes,Travel_Rarely,407,Research & Development,10,4,Marketing,1,1263,1,Male,88,2,3,Research Scientist,1,Married,10832,2674,4,Y,No,12,4,2,80,1,6,2,1,1,0,1,0
60,Yes,Travel_Rarely,763,Research & Development,1,2,Marketing,1,1264,4,Male,69,4,2,Laboratory Technician,2,Married,9107,21099,2,Y,Yes,17,3,3,80,3,1,2,4,0,0,0,0
43,No,Travel_Rarely,286,Research & Development,1,3,Technical Degree,1,1265,4,Male,93,3,2,Research Director,4,Married,10115,11907,1,Y,No,12,3,2,80,0,6,0,4,6,5,0,1
56,No,Travel_Rarely,1041,Research & Development,26,4,Human Resources,1,1266,2,Male,40,2,2,Healthcare Representative,2,Married,8100,20615,3,Y,No,15,4,4,80,1,10,0,4,0,0,0,0
31,Yes,Travel_Rarely,1291,Research & Development,21,3,Other,1,1267,2,Female,59,1,2,Research Director,1,Married,7472,19670,0,Y,No,22,3,2,80,1,3,4,4,0,0,0,0
51,No,Travel_Rarely,235,Sales,8,3,Technical Degree,1,1268,1,Male,91,2,2,Manager,2,Married,9613,5326,1,Y,No,19,3,4,80,1,11,2,2,3,2,1,0
27,Yes,Travel_Rarely,1181,Research & Development,8,1,Technical Degree,1,1269,2,Male,55,3,1,Research Director,4,Married,5973,10337,5,Y,No,21,4,1,80,0,7,3,2,0,0,0,0
46,Yes,Travel_Frequently,922,Research & Development,16,3,Other,1,1270,3,Male,64,2,1,Manufacturing Director,2,Married,5938,9265,3,Y,Yes,11,3,4,80,2,4,3,1,1,1,1,0
23,No,Travel_Frequently,975,Research & Development,5,1,Medical,1,1271,2,Male,31,2,2,Research Director,2,Single,6073,14903,6,Y,Yes,21,3,1,80,1,5,2,4,4,1,0,2
35,No,Travel_Rarely,297,Research & Development,24,4,Medical,1,1272,1,Female,63,4,4,Laboratory Technician,1,Divorced,14198,9933,4,Y,No,20,3,1,80,1,15,0,4,8,6,8,6
25,No,Travel_Rarely,905,Research & Development,23,4,Technical Degree,1,1273,3,Female,78,1,3,Healthcare Representative,4,Divorced,12522,2651,1,Y,No,22,3,1,80,0,7,0,1,6,2,2,2
40,No,Travel_Rarely,187,Sales,15,2,Medical,1,1274,1,Female,69,4,3,Sales Executive,3,Married,11486,17596,6,Y,Yes,17,3,1,80,1,13,6,1,1,1,1,0
56,No,Travel_Rarely,140,Sales,18,3,Other,1,1275,2,Female,52,2,2,Sales Representative,4,Married,8150,15197,0,Y,No,18,3,1,80,3,9,5,1,1,1,1,0
25,Yes,Travel_Rarely,1236,Research & Development,28,2,Medical,1,1276,2,Male,36,3,2,Healthcare Representative,1,Single,7467,21623,6,Y,No,12,4,2,80,0,7,2,1,7,1,2,3
40,No,Non-Travel,1041,Sales,12,3,Technical Degree,1,1277,3,Male,75,4,2,Sales Representative,2,Divorced,8738,10098,7,Y,No,24,3,1,80,0,9,0,1,6,2,1,4
41,No,Non-Travel,1115,Research & Development,2,3,Other,1,1278,1,Male,86,2,1,Healthcare Representative,1,Single,6199,10439,5,Y,No,16,3,3,80,3,3,6,2,0,0,0,0
58,No,Travel_Rarely,1444,Sales,3,4,Medical,1,1279,1,Male,99,2,1,Sales Representative,4,Married,5833,5863,3,Y,No,24,3,1,80,1,6,5,2,2,0,2,2
56,No,Travel_Frequently,1150,Research & Development,2,1,Technical Degree,1,1280,2,Male,77,4,3,Healthcare Representative,2,Married,12540,5445,6,Y,No,23,3,3,80,1,11,0,1,6,3,5,0
50,Yes,Travel_Rarely,464,Sales,15,4,Medical,1,1281,4,Female,55,2,1,Sales Executive,2,Divorced,4859,26409,9,Y,Yes,11,3,1,80,1,0,6,3,0,0,0,0
30,No,Travel_Rarely,978,Research & Development,15,4,Medical,1,1282,1,Male,58,1,1,Research Scientist,1,Married,6287,4305,8,Y,No,17,4,3,80,0,2,4,3,2,0,1,2
39,No,Travel_Rarely,838,Sales,19,3,Other,1,1283,4,Male,72,3,3,Manager,4,Single,11146,7839,0,Y,No,13,3,3,80,0,14,4,4,3,1,2,0
27,No,Travel_Rarely,1390,Research & Development,26,3,Medical,1,1284,3,Male,40,1,2,Research Scientist,4,Single,7757,9693,2,Y,No,14,3,1,80,1,4,6,1,4,2,4,0
18,Yes,Travel_Frequently,1031,Research & Development,16,4,Other,1,1285,4,Female,47,2,2,Research Director,1,Divorced,8619,21311,5,Y,Yes,12,3,1,80,0,0,1,2,0,0,0,0
37,No,Travel_Rarely,305,Human Resources,13,4,Marketing,1,1286,4,Male,40,4,3,Manager,4,Single,11642,6307,3,Y,No,18,3,2,80,0,9,0,4,1,0,0,1
31,No,Travel_Rarely,1323,Sales,11,3,Marketing,1,1287,3,Female,40,1,1,Sales Executive,3,Single,6798,9083,0,Y,No,22,4,3,80,0,3,2,4,1,1,0,0
57,No,Travel_Frequently,845,Human Resources,11,4,Medical,1,1288,1,Female,72,1,1,Manager,2,Single,5867,8668,6,Y,No,22,3,4,80,3,4,6,4,0,0,0,0
43,No,Travel_Rarely,205,Sales,14,5,Other,1,1289,4,Male,84,2,2,Sales Executive,4,Single,7571,5974,7,Y,No,18,3,3,80,0,1,5,1,1,1,0,1
51,Yes,Travel_Rarely,1327,Sales,26,3,Other,1,1290,3,Male,35,4,3,Manager,2,Married,10018,23422,5,Y,Yes,17,4,4,80,2,12,2,1,1,1,1,0
59,No,Travel_Frequently,233,Research & Development,29,2,Human Resources,1,1291,1,Male,42,1,4,Research Director,2,Divorced,13361,4343,2,Y,No,16,3,2,80,1,9,5,4,9,0,7,0
20,No,Travel_Frequently,366,Human Resources,18,2,Marketing,1,1292,4,Female,55,1,1,Manager,3,Single,6326,6165,1,Y,No,18,3,3,80,0,0,0,2,0,0,0,0
60,Yes,Travel_Rarely,297,Sales,11,3,Human Resources,1,1293,2,Male,33,1,1,Manager,1,Single,5223,17552,3,Y,No,11,3,1,80,0,0,4,3,0,0,0,0
47,No,Travel_Rarely,782,Research & Development,23,1,Human Resources,1,1294,2,Male,63,3,1,Research Director,1,Divorced,8181,12433,1,Y,Yes,11,3,4,80,1,0,2,2,0,0,0,0
41,Yes,Travel_Rarely,812,Research & Development,27,4,Medical,1,1295,2,Male,47,3,1,Healthcare Representative,3,Married,2796,9459,8,Y,No,18,3,3,80,1,2,5,2,0,0,0,0
48,No,Travel_Rarely,699,Sales,10,3,Medical,1,1296,4,Male,34,2,1,Sales Executive,1,Single,4391,24898,8,Y,Yes,23,3,3,80,0,4,2,1,4,1,1,3
46,No,Travel_Rarely,1484,Research & Development,19,4,Other,1,1297,4,Male,71,1,5,Healthcare Representative,1,Single,15389,10242,9,Y,Yes,15,3,1,80,2,17,1,3,1,0,0,1
19,Yes,Travel_Frequently,1353,Research & Development,22,2,Human Resources,1,1298,4,Female,70,3,2,Healthcare Representative,4,Single,8686,8602,5,Y,No,20,3,4,80,0,1,4,1,1,1,0,1
29,No,Travel_Rarely,888,Research & Development,8,3,Medical,1,1299,2,Male,33,3,2,Manager,4,Single,8769,16896,2,Y,Yes,11,3,2,80,1,6,6,1,5,4,1,3
29,No,Travel_Rarely,165,Research & Development,6,1,Technical Degree,1,1300,2,Female,32,4,2,Research Scientist,3,Single,7804,9077,6,Y,Yes,22,3,1,80,2,8,5,1,8,3,8,0
59,No,Travel_Rarely,209,Sales,20,2,Medical,1,1301,1,Male,62,4,1,Sales Representative,3,Married,6428,26691,2,Y,No,21,3,3,80,0,5,5,3,5,3,1,3
22,Yes,Travel_Frequently,774,Sales,20,4,Technical Degree,1,1302,3,Female,66,3,3,Sales Executive,4,Single,11358,17843,8,Y,Yes,15,3,1,80,1,4,3,3,4,1,3,2
26,No,Travel_Rarely,384,Research & Development,4,3,Human Resources,1,1303,4,Male,90,4,3,Manager,4,Married,10935,9751,6,Y,No,12,3,4,80,1,4,4,4,1,0,0,1
53,No,Non-Travel,140,Research & Development,2,3,Medical,1,1304,1,Male,30,4,2,Laboratory Technician,3,Married,8496,18830,9,Y,No,23,3,2,80,0,7,3,3,1,1,0,1
53,Yes,Travel_Rarely,801,Research & Development,4,2,Technical Degree,1,1305,4,Female,33,3,3,Manufacturing Director,2,Married,10477,22197,9,Y,Yes,20,3,1,80,0,13,0,2,6,0,2,3
44,No,Travel_Rarely,1228,Sales,23,3,Medical,1,1306,2,Male,46,4,2,Sales Executive,2,Married,7690,26131,3,Y,No,13,3,3,80,0,7,0,3,3,2,2,2
40,Yes,Travel_Rarely,920,Research & Development,8,2,Human Resources,1,1307,4,Male,50,1,3,Research Director,1,Married,12310,22652,7,Y,Yes,12,3,3,80,2,11,3,1,0,0,0,0
45,No,Travel_Rarely,1053,Research & Development,8,3,Technical Degree,1,1308,3,Male,74,3,2,Manager,2,Single,9089,15335,0,Y,No,14,3,4,80,2,6,3,1,0,0,0,0
19,No,Travel_Rarely,1101,Research & Development,9,2,Technical Degree,1,1309,1,Male,71,3,2,Research Director,3,Married,9602,19874,4,Y,No,21,3,4,80,1,1,3,2,1,1,0,1
52,No,Travel_Rarely,1086,Sales,21,1,Human Resources,1,1310,3,Female,58,2,1,Manager,3,Divorced,5205,15420,2,Y,No,17,4,2,80,1,6,5,3,4,3,2,3
23,Yes,Travel_Rarely,598,Sales,24,3,Human Resources,1,1311,4,Male,48,3,1,Manager,1,Married,5055,8722,5,Y,Yes,13,3,4,80,1,5,0,1,5,1,4,2
45,No,Travel_Frequently,835,Research & Development,8,3,Medical,1,1312,1,Male,55,4,2,Laboratory Technician,2,Single,5855,20623,3,Y,No,23,3,4,80,1,0,2,1,0,0,0,0
54,No,Travel_Rarely,1193,Sales,9,1,Life Sciences,1,1313,1,Male,33,4,4,Sales Executive,1,Single,12818,6217,1,Y,No,20,3,4,80,0,13,2,4,0,0,0,0
57,No,Travel_Rarely,839,Sales,5,4,Technical Degree,1,1314,1,Male,60,1,3,Sales Executive,2,Single,10215,13415,4,Y,No,13,3,2,80,0,6,1,2,1,1,0,0
47,Yes,Travel_Rarely,193,Sales,16,4,Life Sciences,1,1315,1,Male,89,1,5,Manager,4,Divorced,16543,25813,1,Y,Yes,24,3,1,80,2,22,4,3,4,4,0,3
50,No,Travel_Rarely,949,Research & Development,17,3,Technical Degree,1,1316,2,Female,48,4,2,Research Scientist,4,Married,8599,8433,9,Y,No,16,3,2,80,0,9,1,3,9,1,4,1
35,No,Travel_Rarely,848,Research & Development,15,4,Marketing,1,1317,3,Female,31,2,2,Laboratory Technician,4,Divorced,7718,20277,2,Y,Yes,19,3,4,80,2,5,5,4,0,0,0,0
43,No,Travel_Frequently,942,Research & Development,10,1,Technical Degree,1,1318,2,Male,39,4,1,Laboratory Technician,3,Divorced,4436,7455,9,Y,No,11,3,4,80,0,6,2,4,2,2,0,1
28,No,Travel_Rarely,1160,Research & Development,22,2,Other,1,1319,2,Male,88,1,4,Laboratory Technician,3,Single,15874,6911,3,Y,Yes,19,3,3,80,1,10,5,2,0,0,0,0
49,No,Travel_Rarely,280,Research & Development,4,3,Technical Degree,1,1320,4,Male,45,2,3,Manufacturing Director,2,Single,10462,7138,9,Y,No,21,3,1,80,0,13,2,2,7,2,6,6
52,No,Travel_Rarely,718,Sales,29,2,Marketing,1,1321,3,Female,37,2,2,Sales Representative,3,Single,8319,14478,2,Y,No,24,4,2,80,1,5,5,2,1,0,1,1
27,No,Travel_Frequently,680,Research & Development,29,3,Marketing,1,1322,2,Male,79,2,2,Research Scientist,1,Married,7915,12561,6,Y,No,11,3,4,80,0,5,5,3,2,1,1,0
48,No,Travel_Rarely,304,Research & Development,16,3,Marketing,1,1323,3,Female,35,2,1,Laboratory Technician,1,Single,4511,22343,2,Y,No,24,3,3,80,1,0,6,4,0,0,0,0
19,No,Travel_Rarely,623,Sales,29,3,Life Sciences,1,1324,2,Male,48,3,2,Sales Executive,2,Divorced,7751,21544,6,Y,No,15,3,1,80,0,1,2,3,1,1,0,0
27,No,Travel_Rarely,934,Research & Development,4,3,Other,1,1325,4,Male,40,4,2,Manager,1,Married,8582,20484,3,Y,No,15,3,1,80,0,4,4,4,2,2,0,1
53,No,Travel_Rarely,906,Research & Development,21,3,Technical Degree,1,1326,4,Male,84,4,2,Manufacturing Director,4,Married,8731,22900,1,Y,No,12,3,4,80,0,9,1,2,0,0,0,0
44,No,Travel_Rarely,1240,Research & Development,8,2,Marketing,1,1327,2,Male,94,2,2,Research Scientist,4,Married,9184,2836,8,Y,No,25,3,2,80,0,7,4,4,0,0,0,0
32,No,Travel_Rarely,1066,Research & Development,26,1,Other,1,1328,1,Female,65,2,2,Laboratory Technician,3,Single,8890,8016,7,Y,No,17,3,1,80,1,6,3,1,0,0,0,0
48,Yes,Travel_Rarely,1111,Sales,7,4,Technical Degree,1,1329,4,Male,78,4,1,Sales Representative,1,Divorced,5757,19887,1,Y,No,11,3,3,80,1,8,3,2,0,0,0,0
48,No,Travel_Frequently,457,Research & Development,13,3,Life Sciences,1,1330,1,Female,41,4,1,Research Scientist,4,Single,6204,14260,9,Y,Yes,17,3,4,80,2,2,1,3,0,0,0,0
29,No,Travel_Rarely,346,Research & Development,20,2,Life Sciences,1,1331,4,Male,61,1,3,Healthcare Representative,3,Single,11412,26887,3,Y,Yes,21,3,4,80,0,11,4,3,8,6,7,2
43,No,Travel_Rarely,511,Research & Development,14,2,Technical Degree,1,1332,3,Male,48,2,2,Laboratory Technician,1,Married,8118,22026,5,Y,No,12,4,4,80,1,14,1,2,10,6,0,6
30,No,Travel_Rarely,1005,Research & Development,19,3,Life Sciences,1,1333,4,Female,34,3,1,Manager,3,Married,7198,19268,8,Y,Yes,20,3,1,80,0,6,2,2,2,0,1,1
25,No,Travel_Rarely,1185,Sales,17,2,Technical Degree,1,1334,1,Female,40,1,2,Manager,2,Married,10069,22930,3,Y,No,21,3,4,80,0,7,4,3,7,1,4,1
18,No,Travel_Rarely,1293,Research & Development,22,3,Human Resources,1,1335,1,Male,48,2,2,Manufacturing Director,3,Single,9131,15596,7,Y,No,12,4,4,80,1,0,0,3,0,0,0,0
58,Yes,Travel_Frequently,1262,Research & Development,23,3,Technical Degree,1,1336,3,Female,66,4,5,Laboratory Technician,1,Divorced,18124,6683,6,Y,No,22,3,1,80,3,16,2,1,0,0,0,0
51,No,Travel_Rarely,665,Research & Development,20,4,Technical Degree,1,1337,4,Male,92,4,2,Manufacturing Director,1,Married,8014,24193,5,Y,No,20,3,3,80,3,9,5,4,9,7,0,3
22,Yes,Travel_Frequently,139,Research & Development,21,5,Human Resources,1,1338,1,Male,69,1,2,Manufacturing Director,1,Divorced,6441,21834,6,Y,Yes,11,3,3,80,1,4,5,2,2,0,0,2
56,No,Non-Travel,1383,Research & Development,12,5,Life Sciences,1,1339,1,Male,67,3,2,Manager,3,Divorced,9173,22354,1,Y,No,18,3,1,80,0,5,0,4,4,1,3,4
52,No,Travel_Rarely,299,Research & Development,9,3,Human Resources,1,1340,1,Male,97,4,2,Laboratory Technician,4,Single,9505,15665,6,Y,Yes,11,3,1,80,0,8,3,1,1,0,0,0
39,No,Travel_Rarely,712,Research & Development,19,3,Life Sciences,1,1341,4,Male,85,4,2,Research Director,3,Married,7977,5962,5,Y,No,23,3,4,80,3,7,3,4,2,2,1,1
38,Yes,Non-Travel,1275,Research & Development,21,2,Marketing,1,1342,2,Male,33,4,1,Laboratory Technician,2,Married,6856,16289,1,Y,Yes,20,3,4,80,0,0,1,2,0,0,0,0
37,No,Non-Travel,767,Sales,7,4,Medical,1,1343,2,Female,99,4,1,Sales Representative,3,Single,5466,13069,3,Y,No,16,3,3,80,1,6,4,3,0,0,0,0
52,No,Non-Travel,839,Research & Development,20,2,Marketing,1,1344,2,Male,98,4,5,Research Scientist,3,Married,17071,17012,7,Y,No,11,4,4,80,1,10,6,1,2,1,0,2
41,No,Travel_Rarely,362,Sales,21,2,Human Resources,1,1345,4,Male,93,1,4,Sales Representative,1,Married,14457,14567,4,Y,No,18,4,2,80,0,20,4,3,0,0,0,0
23,Yes,Travel_Frequently,754,Sales,11,2,Marketing,1,1346,1,Female,45,4,1,Manager,3,Married,6761,23408,4,Y,No,25,3,3,80,0,0,0,3,0,0,0,0
24,No,Travel_Frequently,455,Sales,29,4,Medical,1,1347,1,Male,76,4,1,Sales Representative,1,Single,6300,17396,0,Y,No,22,3,4,80,1,2,6,2,2,1,2,2
41,No,Travel_Rarely,245,Research & Development,21,2,Technical Degree,1,1348,1,Male,71,4,1,Research Director,3,Married,7328,23730,2,Y,No,16,3,2,80,0,0,4,3,0,0,0,0
45,No,Travel_Rarely,888,Research & Development,22,3,Other,1,1349,2,Female,70,3,2,Manufacturing Director,2,Single,10351,25164,4,Y,No,17,3,2,80,0,10,1,3,1,1,1,0
28,No,Travel_Rarely,1021,Research & Development,27,3,Other,1,1350,2,Male,80,2,1,Research Director,2,Single,5322,10327,6,Y,No,17,3,2,80,0,1,3,4,1,1,0,0
47,No,Travel_Rarely,1090,Research & Development,22,1,Marketing,1,1351,1,Male,64,4,1,Laboratory Technician,2,Married,5559,14790,9,Y,No,19,3,4,80,1,4,1,3,3,0,0,1
36,No,Non-Travel,144,Research & Development,12,3,Technical Degree,1,1352,1,Female,96,2,2,Laboratory Technician,4,Married,9886,13296,0,Y,No,24,3,4,80,1,8,5,1,8,3,3,4
60,No,Travel_Rarely,465,Sales,13,3,Marketing,1,1353,4,Male,91,3,1,Sales Representative,1,Married,6171,4062,3,Y,No,14,4,2,80,0,3,3,4,0,0,0,0
53,Yes,Travel_Frequently,832,Research & Development,6,2,Marketing,1,1354,2,Female,31,2,1,Manager,1,Divorced,4593,7104,6,Y,No,19,3,2,80,0,5,6,4,0,0,0,0
57,No,Travel_Rarely,623,Research & Development,9,3,Technical Degree,1,1355,2,Male,93,1,1,Manufacturing Director,1,Divorced,4467,8890,5,Y,No,18,3,2,80,0,5,0,2,0,0,0,0
42,No,Travel_Rarely,564,Research & Development,3,3,Other,1,1356,2,Female,79,3,1,Manager,3,Single,5562,10052,1,Y,No,19,3,2,80,0,0,4,3,0,0,0,0
58,Yes,Travel_Frequently,491,Sales,3,4,Life Sciences,1,1357,1,Male,99,4,3,Sales Executive,1,Single,11287,20732,8,Y,No,13,3,2,80,0,8,1,3,1,1,1,1
56,No,Non-Travel,701,Research & Development,12,1,Other,1,1358,3,Male,72,2,1,Manager,1,Married,7296,13394,8,Y,Yes,16,3,3,80,0,5,0,4,0,0,0,0
39,No,Travel_Rarely,1250,Research & Development,17,2,Marketing,1,1359,3,Male,36,1,3,Manufacturing Director,1,Divorced,12008,2423,2,Y,Yes,18,3,1,80,1,15,0,3,1,1,1,0
34,Yes,Travel_Rarely,215,Research & Development,6,3,Life Sciences,1,1360,1,Female,68,4,3,Manager,1,Divorced,10165,10722,2,Y,No,11,3,4,80,3,9,0,1,0,0,0,0
52,No,Travel_Rarely,846,Research & Development,18,3,Life Sciences,1,1361,1,Female,94,3,5,Research Director,3,Divorced,17431,9148,4,Y,Yes,20,3,1,80,2,17,6,3,3,3,0,2
42,Yes,Travel_Rarely,294,Research & Development,1,1,Other,1,1362,1,Male,80,2,2,Laboratory Technician,3,Single,7625,17995,6,Y,Yes,17,3,2,80,1,8,3,2,0,0,0,0
58,Yes,Travel_Rarely,124,Research & Development,25,3,Life Sciences,1,1363,4,Male,70,1,4,Research Scientist,2,Married,14134,25909,3,Y,No,13,3,3,80,2,10,0,4,2,1,0,1
34,Yes,Travel_Frequently,1431,Research & Development,26,3,Other,1,1364,4,Female,59,3,2,Healthcare Representative,2,Married,7135,25182,1,Y,No,24,3,1,80,0,4,0,4,4,0,0,0
56,No,Non-Travel,1493,Research & Development,9,1,Life Sciences,1,1365,2,Male,67,1,2,Healthcare Representative,3,Married,9315,20757,7,Y,No,20,3,2,80,0,9,6,4,0,0,0,0
35,No,Travel_Rarely,731,Sales,22,3,Technical Degree,1,1366,4,Female,31,4,1,Sales Representative,3,Married,5927,18684,7,Y,No,21,3,4,80,1,3,2,4,3,1,0,3
38,No,Travel_Rarely,1232,Research & Development,2,1,Other,1,1367,4,Male,66,4,4,Research Director,2,Divorced,13049,12812,6,Y,Yes,23,4,3,80,0,16,5,2,2,2,0,2
27,No,Travel_Rarely,546,Research & Development,25,3,Other,1,1368,2,Male,65,1,2,Manufacturing Director,4,Single,7112,20145,8,Y,No,17,3,1,80,3,8,3,4,4,2,4,3
42,No,Travel_Rarely,513,Research & Development,17,4,Technical Degree,1,1369,3,Female,50,1,1,Manager,2,Single,3759,26027,2,Y,No,14,3,3,80,0,4,1,1,0,0,0,0
42,No,Travel_Rarely,633,Research & Development,20,3,Marketing,1,1370,3,Male,37,2,2,Laboratory Technician,3,Married,8264,25580,3,Y,No,25,3,3,80,1,8,5,2,4,4,2,0
44,Yes,Non-Travel,1040,Sales,26,2,Marketing,1,1371,2,Male,40,3,2,Sales Executive,3,Single,10694,19275,9,Y,No,15,3,3,80,0,7,2,4,1,1,1,0
20,No,Travel_Rarely,676,Research & Development,10,4,Other,1,1372,4,Male,30,1,1,Manager,1,Married,5277,18160,6,Y,No,25,3,1,80,0,0,1,1,0,0,0,0
34,No,Travel_Rarely,903,Research & Development,3,2,Marketing,1,1373,3,Male,87,1,2,Research Director,1,Single,8357,23810,6,Y,No,19,4,1,80,0,8,6,1,3,2,0,3
34,Yes,Travel_Rarely,692,Sales,16,3,Life Sciences,1,1374,4,Female,65,1,2,Sales Representative,2,Married,8521,26352,2,Y,No,19,3,4,80,1,8,0,2,5,2,3,3
58,No,Travel_Rarely,617,Research & Development,4,3,Medical,1,1375,3,Female,89,2,1,Manager,3,Married,6706,9845,5,Y,No,21,3,2,80,1,3,5,2,3,0,1,1
34,No,Travel_Frequently,987,Sales,22,3,Human Resources,1,1376,2,Male,50,2,4,Manager,4,Divorced,14017,7451,1,Y,Yes,15,3,1,80,0,14,5,2,0,0,0,0
41,Yes,Travel_Rarely,108,Research & Development,29,4,Marketing,1,1377,2,Male,41,4,1,Manufacturing Director,3,Married,7575,8722,4,Y,Yes,17,3,4,80,2,0,1,2,0,0,0,0
43,No,Non-Travel,1199,Research & Development,2,3,Human Resources,1,1378,2,Male,38,1,3,Research Director,4,Divorced,12591,20383,1,Y,Yes,18,3,1,80,1,6,5,3,3,0,2,0
59,Yes,Travel_Rarely,1176,Research & Development,21,1,Marketing,1,1379,3,Female,68,1,1,Research Scientist,3,Married,6055,4397,4,Y,Yes,21,4,1,80,0,0,2,1,0,0,0,0
23,Yes,Travel_Rarely,821,Sales,16,3,Marketing,1,1380,2,Female,89,4,1,Sales Executive,1,Single,5378,24899,7,Y,No,13,3,1,80,0,3,1,3,1,1,1,1
52,No,Travel_Rarely,317,Research & Development,1,2,Human Resources,1,1381,3,Female,60,2,3,Manager,1,Single,12374,10024,2,Y,No,24,3,4,80,3,4,0,3,3,1,1,1
35,No,Travel_Rarely,508,Sales,15,3,Medical,1,1382,4,Male,78,4,2,Manager,3,Married,8429,26145,4,Y,No,17,3,2,80,2,11,5,1,2,0,0,0
28,Yes,Travel_Rarely,116,Research & Development,9,3,Life Sciences,1,1383,3,Male,87,4,1,Laboratory Technician,3,Married,6170,4830,6,Y,No,19,3,4,80,1,0,4,4,0,0,0,0
38,No,Travel_Rarely,545,Research & Development,1,2,Technical Degree,1,1384,3,Male,63,2,1,Manufacturing Director,1,Divorced,4403,10672,1,Y,Yes,21,4,4,80,0,1,3,2,1,1,0,1
26,Yes,Travel_Frequently,454,Research & Development,7,5,Human Resources,1,1385,4,Male,85,1,4,Manufacturing Director,3,Married,14821,14799,1,Y,No,12,3,1,80,1,8,0,2,0,0,0,0
48,Yes,Travel_Frequently,959,Sales,14,1,Marketing,1,1386,1,Male,87,4,3,Manager,1,Married,11583,11162,9,Y,No,13,4,3,80,0,8,0,1,7,0,0,1
41,No,Travel_Frequently,112,Sales,1,3,Medical,1,1387,3,Female,45,1,5,Sales Representative,2,Single,17411,13214,8,Y,No,17,3,3,80,0,21,1,1,1,0,1,1
40,No,Travel_Rarely,885,Sales,21,1,Life Sciences,1,1388,4,Male,91,3,2,Manager,2,Divorced,9332,23102,9,Y,No,23,3,2,80,0,5,5,2,5,1,4,0
21,Yes,Travel_Frequently,532,Sales,4,5,Marketing,1,1389,3,Male,70,3,2,Sales Representative,1,Single,7390,11716,3,Y,Yes,19,3,4,80,0,3,1,2,3,0,3,3
33,No,Travel_Rarely,902,Research & Development,5,2,Other,1,1390,3,Female,43,4,2,Research Scientist,1,Divorced,9403,3685,7,Y,No,17,3,4,80,0,5,2,2,1,1,0,0
21,Yes,Travel_Rarely,416,Research & Development,22,3,Human Resources,1,1391,2,Male,63,1,2,Healthcare Representative,2,Single,10117,12107,5,Y,No,14,3,2,80,1,3,1,4,3,2,3,0
54,No,Travel_Rarely,1258,Human Resources,11,4,Medical,1,1392,3,Male,86,2,1,Manager,2,Divorced,7961,7747,6,Y,No,14,3,4,80,1,2,2,2,1,1,0,0
24,No,Travel_Frequently,1098,Research & Development,11,4,Medical,1,1393,2,Male,81,2,2,Manufacturing Director,2,Married,8196,13631,8,Y,No,11,3,4,80,1,6,0,4,1,0,1,0
43,Yes,Travel_Rarely,123,Research & Development,9,1,Human Resources,1,1394,2,Female,73,3,5,Manufacturing Director,2,Married,17972,9864,2,Y,Yes,23,3,2,80,3,18,2,3,0,0,0,0
48,No,Travel_Rarely,1147,Research & Development,6,3,Marketing,1,1395,1,Male,31,2,2,Laboratory Technician,3,Single,8414,9312,2,Y,No,14,3,1,80,2,3,5,2,1,0,0,0
57,No,Travel_Frequently,749,Research & Development,16,1,Medical,1,1396,4,Female,79,1,2,Healthcare Representative,2,Single,7677,4703,2,Y,No,24,3,4,80,0,7,5,1,4,1,0,4
40,No,Travel_Rarely,1183,Research & Development,7,1,Life Sciences,1,1397,1,Female,90,4,1,Laboratory Technician,4,Single,5081,20049,5,Y,No,22,3,4,80,3,3,0,3,0,0,0,0
41,No,Travel_Rarely,1208,Sales,9,2,Marketing,1,1398,1,Female,39,4,1,Sales Representative,4,Married,7315,22894,0,Y,No,16,3,4,80,0,1,5,3,1,1,0,0
37,No,Travel_Rarely,1129,Research & Development,2,3,Technical Degree,1,1399,4,Female,96,1,2,Research Scientist,1,Single,9015,5279,6,Y,No,23,3,1,80,0,8,6,1,0,0,0,0
39,No,Travel_Rarely,897,Research & Development,11,3,Life Sciences,1,1400,1,Female,38,1,4,Research Director,2,Married,14557,23712,1,Y,No,14,3,4,80,0,17,4,1,10,2,7,6
20,Yes,Travel_Rarely,626,Research & Development,27,5,Marketing,1,1401,3,Female,87,4,2,Research Scientist,4,Married,8987,19983,4,Y,Yes,12,3,2,80,1,2,3,1,2,2,1,0
31,Yes,Non-Travel,381,Research & Development,17,3,Life Sciences,1,1402,1,Male,62,1,1,Manufacturing Director,2,Married,5499,26919,1,Y,Yes,19,4,1,80,1,0,1,4,0,0,0,0
52,Yes,Travel_Frequently,1295,Research & Development,6,3,Human Resources,1,1403,3,Male,63,1,2,Healthcare Representative,1,Divorced,6878,9196,3,Y,No,12,4,3,80,1,5,5,3,0,0,0,0
25,Yes,Travel_Rarely,1105,Sales,19,3,Life Sciences,1,1404,3,Female,91,2,2,Sales Executive,3,Single,8457,12990,7,Y,Yes,15,3,1,80,1,6,3,2,4,2,1,1
54,No,Travel_Rarely,1235,Research & Development,18,1,Marketing,1,1405,1,Male,48,4,2,Research Scientist,4,Single,8180,8050,5,Y,No,13,3,2,80,1,3,4,4,0,0,0,0
56,No,Travel_Rarely,719,Research & Development,19,1,Technical Degree,1,1406,3,Male,78,3,1,Manufacturing Director,4,Married,7656,15268,0,Y,No,22,4,1,80,1,1,6,2,0,0,0,0
42,No,Travel_Rarely,1044,Research & Development,22,3,Marketing,1,1407,2,Male,36,4,2,Research Director,3,Divorced,9802,9589,9,Y,No,17,4,1,80,2,6,0,2,3,0,0,0
47,No,Travel_Rarely,784,Research & Development,14,4,Other,1,1408,4,Male,58,3,2,Laboratory Technician,2,Married,7907,16633,1,Y,No,25,3,3,80,0,6,1,3,4,3,3,0
32,Yes,Travel_Rarely,789,Research & Development,18,1,Marketing,1,1409,2,Male,38,1,2,Healthcare Representative,4,Single,8176,26297,0,Y,No,15,3,3,80,1,4,0,4,1,0,1,0
32,No,Travel_Rarely,229,Sales,11,2,Marketing,1,1410,3,Male,60,2,1,Sales Executive,2,Single,4089,11138,6,Y,Yes,24,4,1,80,0,0,5,3,0,0,0,0
25,Yes,Travel_Rarely,873,Research & Development,27,4,Technical Degree,1,1411,4,Female,61,3,2,Healthcare Representative,2,Married,8181,18276,2,Y,Yes,15,3,3,80,1,7,6,1,5,4,0,0
30,No,Travel_Rarely,344,Research & Development,15,3,Human Resources,1,1412,1,Female,64,4,4,Manufacturing Director,3,Single,16379,19233,8,Y,No,20,3,4,80,1,12,6,4,12,7,8,8
36,No,Travel_Rarely,742,Research & Development,28,4,Marketing,1,1413,4,Female,81,1,1,Research Scientist,4,Single,3589,7024,1,Y,No,22,4,4,80,1,1,2,3,1,0,1,0
29,Yes,Travel_Rarely,1312,Research & Development,3,4,Technical Degree,1,1414,2,Female,90,2,1,Research Scientist,4,Married,6063,4309,3,Y,No,21,3,4,80,0,0,2,4,0,0,0,0
22,No,Travel_Rarely,1478,Sales,15,4,Life Sciences,1,1415,1,Female,53,1,1,Sales Representative,2,Married,5915,3521,5,Y,No,18,3,2,80,0,4,3,4,0,0,0,0
20,No,Travel_Frequently,707,Sales,19,4,Other,1,1416,3,Female,34,4,2,Sales Representative,3,Divorced,10687,3563,3,Y,Yes,15,4,3,80,0,2,5,4,2,1,0,0
25,No,Travel_Rarely,569,Research & Development,7,3,Other,1,1417,4,Male,34,2,1,Research Scientist,1,Married,5441,4792,7,Y,No,20,3,2,80,0,2,5,1,1,1,0,0
40,No,Travel_Rarely,1071,Research & Development,12,3,Other,1,1418,3,Male,41,1,2,Laboratory Technician,4,Married,8991,13414,5,Y,No,12,4,3,80,0,9,6,4,0,0,0,0
22,Yes,Travel_Rarely,537,Human Resources,20,3,Other,1,1419,2,Male,41,1,1,Human Resources,1,Divorced,4439,14547,1,Y,No,14,3,4,80,3,4,5,2,1,0,1,1
21,No,Travel_Rarely,1420,Sales,2,4,Marketing,1,1420,1,Male,30,3,2,Manager,1,Divorced,9293,15472,8,Y,Yes,16,3,2,80,1,3,0,1,0,0,0,0
57,No,Travel_Frequently,1423,Sales,15,3,Technical Degree,1,1421,2,Male,52,2,2,Manager,2,Married,6927,22947,5,Y,No,18,3,2,80,0,6,1,2,0,0,0,0
47,No,Travel_Rarely,1310,Sales,21,2,Technical Degree,1,1422,4,Male,93,4,2,Sales Representative,3,Single,7421,15250,8,Y,No,11,4,2,80,1,6,3,1,2,1,1,0
38,Yes,Travel_Frequently,1381,Sales,22,4,Other,1,1423,3,Male,49,4,3,Sales Representative,3,Married,10867,20704,0,Y,No,20,4,2,80,0,12,6,2,11,3,7,1
41,No,Travel_Rarely,592,Sales,11,2,Other,1,1424,2,Female,72,2,2,Sales Representative,4,Married,9113,7323,1,Y,No,12,3,1,80,0,7,3,2,7,3,3,6
43,No,Travel_Rarely,1116,Human Resources,23,3,Life Sciences,1,1425,3,Male,95,4,4,Manager,3,Single,13694,2755,6,Y,No,22,3,4,80,1,15,2,1,4,1,3,1
43,No,Travel_Rarely,1420,Research & Development,28,5,Technical Degree,1,1426,1,Male,61,4,2,Healthcare Representative,4,Married,9117,26607,0,Y,No,14,3,3,80,1,6,6,1,0,0,0,0
55,No,Travel_Rarely,518,Research & Development,3,4,Technical Degree,1,1427,4,Male,37,1,5,Manager,3,Single,15219,24922,7,Y,No,12,3,4,80,0,17,5,3,6,3,1,1
54,No,Travel_Rarely,1450,Research & Development,11,3,Other,1,1428,4,Female,81,1,2,Manufacturing Director,4,Married,8054,9723,1,Y,No,16,3,4,80,0,7,0,1,1,1,0,1
44,No,Travel_Rarely,733,Research & Development,26,1,Marketing,1,1429,1,Male,47,3,2,Research Director,4,Single,9620,7603,9,Y,Yes,12,3,3,80,1,9,4,4,3,2,1,3
35,No,Travel_Frequently,1146,Research & Development,29,4,Marketing,1,1430,1,Male,87,2,3,Manufacturing Director,2,Married,11669,19198,6,Y,No,24,3,4,80,1,7,5,3,1,0,1,0
18,No,Travel_Rarely,113,Sales,19,4,Marketing,1,1431,3,Male,36,2,3,Manager,4,Married,11655,17365,0,Y,No,13,3,2,80,0,0,6,3,0,0,0,0
48,No,Travel_Rarely,105,Sales,2,3,Life Sciences,1,1432,1,Female,53,4,2,Sales Representative,1,Divorced,7917,21412,9,Y,No,20,3,2,80,1,4,0,3,0,0,0,0
19,No,Travel_Frequently,726,Research & Development,20,2,Medical,1,1433,2,Male,38,1,2,Healthcare Representative,4,Single,8640,4320,4,Y,No,12,3,4,80,1,1,2,4,0,0,0,0
56,Yes,Travel_Rarely,820,Research & Development,10,3,Human Resources,1,1434,4,Female,61,2,1,Research Director,3,Married,8478,20338,4,Y,Yes,14,4,3,80,2,5,2,3,5,3,3,3
27,Yes,Travel_Rarely,1163,Research & Development,4,3,Marketing,1,1435,1,Female,84,4,3,Laboratory Technician,2,Married,12334,17380,1,Y,No,24,3,3,80,0,9,5,4,1,1,1,1
55,Yes,Travel_Frequently,502,Sales,21,4,Human Resources,1,1436,2,Female,63,3,2,Sales Executive,1,Married,8721,9681,8,Y,No,17,4,4,80,0,5,5,1,1,0,1,0
28,No,Travel_Rarely,641,Research & Development,21,3,Medical,1,1437,1,Female,77,3,1,Manager,2,Married,7135,14632,1,Y,Yes,17,3,3,80,1,2,5,3,2,2,2,1
45,No,Non-Travel,969,Research & Development,10,3,Other,1,1438,2,Female,56,1,2,Manager,3,Single,7872,5468,5,Y,No,12,3,2,80,0,3,3,2,3,3,0,1
31,No,Travel_Rarely,724,Research & Development,1,4,Technical Degree,1,1439,4,Male,52,2,1,Healthcare Representative,4,Married,3971,18604,7,Y,Yes,19,3,3,80,0,0,4,2,0,0,0,0
26,Yes,Travel_Frequently,783,Research & Development,13,5,Medical,1,1440,2,Female,41,1,1,Laboratory Technician,2,Married,7298,5538,6,Y,No,17,4,1,80,1,3,4,2,0,0,0,0
27,Yes,Travel_Rarely,1159,Research & Development,20,3,Technical Degree,1,1441,2,Male,94,4,1,Research Director,3,Single,5988,13591,1,Y,Yes,12,3,3,80,2,7,2,3,6,2,5,0
23,No,Travel_Frequently,681,Research & Development,16,3,Other,1,1442,1,Female,66,4,3,Manager,1,Single,12098,7067,0,Y,No,14,3,4,80,1,5,2,4,5,5,3,2
36,Yes,Travel_Rarely,1372,Research & Development,26,3,Human Resources,1,1443,4,Male,30,4,2,Manager,2,Divorced,8437,11262,5,Y,No,21,3,2,80,0,6,4,3,0,0,0,0
25,Yes,Travel_Rarely,736,Research & Development,29,3,Technical Degree,1,1444,4,Male,96,2,1,Research Scientist,4,Divorced,3924,5358,1,Y,Yes,12,4,4,80,1,6,2,2,3,0,2,3
24,Yes,Travel_Frequently,593,Human Resources,17,3,Technical Degree,1,1445,1,Male,80,3,1,Human Resources,3,Divorced,3705,8167,6,Y,Yes,17,3,2,80,1,0,0,4,0,0,0,0
50,No,Travel_Frequently,1161,Sales,25,4,Technical Degree,1,1446,1,Female,45,1,3,Sales Executive,2,Married,12556,21524,3,Y,No,20,3,4,80,0,12,1,1,7,2,2,7
46,Yes,Travel_Rarely,817,Research & Development,5,3,Marketing,1,1447,2,Male,40,1,2,Healthcare Representative,4,Married,9214,6864,8,Y,Yes,12,3,3,80,0,5,2,1,1,0,0,0
60,No,Travel_Rarely,1138,Research & Development,8,1,Technical Degree,1,1448,1,Male,51,1,1,Manufacturing Director,1,Divorced,4304,3634,5,Y,Yes,25,3,3,80,2,3,4,1,0,0,0,0
56,No,Travel_Rarely,187,Research & Development,13,3,Technical Degree,1,1449,2,Male,43,1,2,Research Director,2,Married,8700,13649,7,Y,No,22,4,4,80,0,4,1,1,2,0,0,2
22,Yes,Travel_Rarely,1047,Research & Development,25,5,Life Sciences,1,1450,2,Male,88,1,2,Manager,1,Single,9886,21919,6,Y,No,25,3,4,80,1,4,6,3,2,0,0,1
25,Yes,Travel_Rarely,728,Research & Development,13,4,Other,1,1451,1,Female,45,2,3,Manager,2,Married,12083,10705,1,Y,Yes,19,3,4,80,2,7,5,1,2,2,2,0
34,No,Non-Travel,1382,Research & Development,28,4,Technical Degree,1,1452,3,Female,53,2,3,Manufacturing Director,2,Married,10533,23333,0,Y,No,16,3,4,80,0,13,0,4,12,6,12,4
50,No,Travel_Rarely,603,Human Resources,19,3,Medical,1,1453,4,Male,52,4,2,Human Resources,3,Single,5866,25551,8,Y,Yes,19,4,2,80,0,6,6,3,2,2,2,1
21,No,Travel_Rarely,1419,Research & Development,14,4,Marketing,1,1454,1,Male,45,3,3,Manufacturing Director,1,Married,13264,13583,9,Y,No,21,3,4,80,0,3,1,3,2,0,0,2
30,Yes,Travel_Rarely,434,Research & Development,24,3,Other,1,1455,3,Male,32,3,4,Manager,4,Divorced,14348,21711,8,Y,Yes,16,3,2,80,1,12,4,3,2,1,2,0
59,No,Travel_Rarely,146,Sales,18,3,Medical,1,1456,4,Male,58,4,2,Sales Executive,4,Married,8537,2688,5,Y,No,17,3,2,80,1,12,4,2,1,1,0,1
41,No,Non-Travel,651,Research & Development,9,4,Medical,1,1457,1,Male,78,1,4,Manufacturing Director,3,Divorced,17088,16501,1,Y,No,22,3,3,80,0,8,4,2,1,0,0,0
49,No,Travel_Rarely,1257,Sales,16,4,Life Sciences,1,1458,2,Male,37,4,1,Manager,3,Divorced,5621,12203,0,Y,No,23,3,2,80,0,0,6,2,0,0,0,0
58,Yes,Non-Travel,368,Human Resources,5,3,Technical Degree,1,1459,1,Male,56,2,2,Manager,1,Single,8194,3778,0,Y,No,25,3,2,80,2,2,4,2,0,0,0,0
25,No,Travel_Rarely,1295,Research & Development,16,5,Human Resources,1,1460,3,Male,76,2,2,Research Scientist,4,Single,9476,17527,5,Y,No,23,3,4,80,1,7,1,2,5,1,4,0
36,No,Travel_Rarely,955,Research & Development,5,1,Technical Degree,1,1461,2,Male,93,1,1,Research Scientist,4,Married,4983,12416,6,Y,No,13,3,4,80,1,2,1,1,2,0,2,0
40,No,Travel_Rarely,642,Research & Development,18,4,Marketing,1,1462,4,Female,79,2,4,Healthcare Representative,3,Single,12827,11602,0,Y,Yes,22,3,1,80,0,9,6,4,3,0,3,3
39,Yes,Travel_Rarely,388,Research & Development,10,3,Marketing,1,1463,4,Male,31,1,1,Healthcare Representative,2,Single,6607,17526,5,Y,Yes,21,3,3,80,0,1,1,3,1,1,0,0
51,No,Travel_Frequently,1220,Research & Development,12,2,Marketing,1,1464,1,Female,85,3,1,Manager,1,Divorced,3732,11953,1,Y,No,14,3,4,80,0,2,6,2,2,2,1,2
55,No,Travel_Rarely,1294,Research & Development,15,4,Technical Degree,1,1465,3,Male,49,1,1,Manufacturing Director,2,Married,5213,20928,2,Y,No,12,3,1,80,0,2,3,4,2,2,2,1
54,No,Travel_Rarely,544,Sales,15,5,Technical Degree,1,1466,1,Female,40,2,1,Sales Executive,1,Divorced,5571,8738,2,Y,No,12,3,2,80,1,0,5,2,0,0,0,0
22,Yes,Travel_Rarely,1045,Research & Development,25,2,Life Sciences,1,1467,4,Male,37,1,2,Laboratory Technician,4,Married,7873,15736,8,Y,Yes,14,3,1,80,0,2,6,4,2,2,0,2
22,No,Travel_Rarely,1067,Sales,23,4,Technical Degree,1,1468,4,Female,41,3,2,Manager,4,Married,11146,11179,6,Y,No,18,3,1,80,0,4,5,4,4,2,1,4
26,No,Travel_Rarely,344,Research & Development,13,4,Other,1,1469,3,Male,60,4,4,Healthcare Representative,3,Single,14057,6466,5,Y,No,14,3,3,80,0,8,4,2,2,2,2,2
19,No,Travel_Rarely,507,Sales,9,3,Other,1,1470,3,Male,92,1,3,Sales Executive,2,Divorced,10145,21224,2,Y,Yes,14,3,3,80,0,1,1,3,1,0,0,0
